Batch Number,B2600087,,,,
Category,Poultry,,,,
Specie,Chicken,,,,
Family,Layer Baladi,,,,
Brand,FARMFLAKES,,,,
Product Code,PPES250101,,,,
Product name,CHICKEN FEED - BALADI STARTER,,,,
NIR-Code,D20260214-00105,,,,
Serial Number:,5B25203,,,,
Scan Config Name:,IAS5100,,,,
Scan Config Type:,2,,,,
Start wavelength in nm:,900,,,,
End wavelength in nm:,1700,,,,
Pattern Pixel Width:,11,,,,
Exposure Time:,0,,,,
Measurement points:,420,,,,
Number of Measurement points:,801,,,,
Num Repeats:,90,90,,,
PGA Gain:,64,64,,,
Wavelength,Absorbance,Reference Signal,Sample Signal,Reference Original,Sample Original
900,0.06913739,1241060.711,1058414.137,5565,3816
901,0.06898932,1261034.616,1075815.22,5627,3778
902,0.06884221,1280886.245,1093121.297,5593,3686
903,0.06869912,1300545.063,1110264.06,5442,3575
904,0.06855993,1319831.383,1127089.797,5206,3408
905,0.06842421,1338559.639,1143440.347,5176,3302
906,0.06828941,1356690.719,1159288.274,5126,3267
907,0.06814925,1374460.813,1174851.88,5010,3148
908,0.06799745,1392136.27,1190376.376,4968,3080
909,0.06783276,1409843.599,1205974.65,5048,3168
910,0.06766616,1427332.439,1221402.974,5028,3103
911,0.06750998,1444289.581,1236358.154,5114,3058
912,0.06737183,1460502.715,1250634.899,5224,3083
913,0.06724393,1476143.087,1264400.102,5427,3139
914,0.06711546,1491473.072,1277909.081,5651,3301
915,0.06697719,1506703.174,1291369.47,5592,3295
916,0.06682593,1521773.334,1304740.191,5924,3378
917,0.06666038,1536535.572,1317899.341,6122,3471
918,0.06648113,1550881.014,1330752.682,6523,3676
919,0.06630199,1564973.66,1343399.069,6813,3792
920,0.06614194,1579093.647,1356019.54,7295,3995
921,0.06601674,1593429.447,1368724.694,7732,4406
922,0.06591758,1607330.041,1380980.285,8259,4463
923,0.06582308,1619695.539,1391907.275,8858,4806
924,0.06571408,1629586.998,1400759.165,9362,5035
925,0.06559404,1637994.937,1408375.67,9991,5387
926,0.06548111,1647159.097,1416623.482,10793,5776
927,0.06539258,1659175.016,1427248.583,11617,6310
928,0.06532718,1673720.519,1439977.664,12558,6583
929,0.06526963,1688639.733,1453005.896,13443,7111
930,0.06520529,1701814.953,1464559.593,14385,7620
931,0.06513476,1712623.03,1474100.256,15626,8203
932,0.06507146,1721728.602,1482153.68,16938,8787
933,0.06502845,1729848.956,1489291.582,18416,9647
934,0.06500619,1737922.707,1496319.278,19977,10378
935,0.06499338,1747098.874,1504264.152,21904,11364
936,0.06497908,1758475.445,1514109.297,24035,12545
937,0.06496601,1771736.474,1525573.415,26725,13821
938,0.0649703,1785124.647,1537086.289,29496,15171
939,0.06500748,1796868.964,1547066.306,32967,17016
940,0.06507462,1806515.123,1555130.999,36899,19199
941,0.06514964,1815008.203,1562172.357,41717,21652
942,0.06521059,1823340.788,1569123.988,47017,24453
943,0.0652551,1831971.286,1576389.6,53063,27509
944,0.06530162,1840782.484,1583801.887,60011,31310
945,0.06536871,1849611.603,1591152.579,67649,35623
946,0.06546075,1857857.38,1597907.435,76595,40479
947,0.06556748,1864452.528,1603185.77,86508,45920
948,0.0656786,1868383.163,1606154.605,97990,52057
949,0.0657894,1870446.252,1607517.955,110243,59003
950,0.06590023,1873285.769,1609547.513,124313,66651
951,0.06601123,1879497.931,1614472.387,139093,74783
952,0.06612613,1888914.544,1622131.97,154659,83499
953,0.06625276,1898733.832,1630089.037,171600,92670
954,0.06639902,1906155.268,1635909.419,188943,102132
955,0.06656089,1910285.611,1638843.26,206682,112022
956,0.06672366,1911883.621,1639599.572,223557,121193
957,0.06687314,1911802.843,1638966.081,241833,131055
958,0.06701035,1911493.81,1638183.49,259252,140436
959,0.06714776,1912864.589,1638839.669,274514,148632
960,0.06729644,1917620.893,1642352.255,291224,157585
961,0.0674537,1924904.724,1647993.672,306315,165712
962,0.0676086,1932167.322,1653621.583,320946,173343
963,0.06775196,1937082.477,1657281.014,335083,180819
964,0.06788406,1939712.875,1659026.756,347357,187202
965,0.06800983,1941437.59,1660021.066,361885,194504
966,0.06813357,1943499.489,1661310.676,375644,201479
967,0.06825722,1946039.764,1663008.589,387808,207637
968,0.06838179,1948708.373,1664811.462,402902,215343
969,0.06850728,1951211.882,1666468.665,416014,221835
970,0.06862736,1953586.875,1668035.814,429509,228403
971,0.0687335,1955984.86,1669675.171,442968,234890
972,0.06881968,1958530.047,1671516.067,456965,241541
973,0.06889039,1961231.785,1673549.398,470755,248249
974,0.06895282,1964069.311,1675729.779,485792,255253
975,0.06901279,1966964.708,1677968.403,499871,261750
976,0.06907186,1969665.362,1680043.729,514095,268357
977,0.06913082,1971886.596,1681710.037,528670,275146
978,0.06918714,1973581.275,1682937.054,543537,281836
979,0.06923102,1975223.894,1684167.627,558411,288444
980,0.06925178,1977351.981,1685901.515,570270,293648
981,0.06924829,1980119.385,1688274.579,588145,301856
982,0.0692342,1983080.703,1690854.323,604857,309245
983,0.06922385,1985750.431,1693170.986,617167,314218
984,0.06921812,1987970.43,1695086.266,635863,322586
985,0.06920318,1989941.589,1696825.377,651992,329464
986,0.06916561,1991874.3,1698620.33,667682,336189
987,0.06910773,1993851.05,1700532.663,683917,343036
988,0.06904367,1995857.927,1702495.432,696779,348114
989,0.06898572,1997889.938,1704456.185,715238,355950
990,0.06892899,2000036.888,1706510.691,733029,363576
991,0.06886008,2002435.986,1708828.842,747131,369202
992,0.06876951,2005019.086,1711390.05,767829,378011
993,0.06866762,2006678.305,1713208.168,784521,384883
994,0.06857066,2005978.629,1712993.231,801142,391741
995,0.06848803,2002472.503,1710324.545,818056,398846
996,0.06840936,1998708.332,1707418.813,835439,406073
997,0.06832096,1997779.713,1706972.951,852151,412951
998,0.06821626,2000745.828,1709919.461,870396,420786
999,0.0681008,2004950.233,1713968.342,887240,427873
1000,0.06798064,2007406.327,1716542.866,903985,435064
1001,0.06785831,2006955.222,1716640.562,921460,442616
1002,0.06773313,2004462.464,1715002.661,938930,450201
1003,0.06760441,2000927.061,1712485.301,956441,457847
1004,0.0674714,1997688.491,1710237.286,968183,462896
1005,0.06733353,1996311.09,1709600.708,990953,473052
1006,0.06719068,1997938.86,1711557.593,1010612,482081
1007,0.06704287,2001149.369,1714891.445,1022471,487322
1008,0.06688962,2003560.514,1717563.67,1045649,497600
1009,0.06673092,2003568.181,1718197.974,1063771,505962
1010,0.06657037,2002040.403,1717522.636,1080871,513528
1011,0.06641261,2000327.252,1716676.402,1098889,521486
1012,0.06625983,1999254.815,1716359.755,1110688,526436
1013,0.0661094,1998762.492,1716531.551,1132541,536174
1014,0.06595808,1998671.793,1717051.836,1153026,545225
1015,0.06579986,1998163.532,1717240.677,1166621,550877
1016,0.06562597,1995828.744,1715921.068,1191704,561892
1017,0.06542894,1990610.833,1712211.569,1210003,569681
1018,0.06521733,1984491.612,1707780.039,1228168,577285
1019,0.06500883,1980928.802,1705532.66,1247237,585226
1020,0.06481755,1982136.728,1707324.432,1266856,593513
1021,0.06463866,1985590.729,1711004.185,1285518,601210
1022,0.06446161,1987662.15,1713487.579,1305988,609760
1023,0.06427867,1986261.936,1713001.907,1325142,617606
1024,0.06408907,1982097.836,1710157.155,1343939,625068
1025,0.06389305,1976204.09,1705841.757,1363668,632851
1026,0.06369155,1970206.65,1701454.088,1383456,640442
1027,0.06348642,1966267.022,1698854.07,1403137,648153
1028,0.06328042,1966111.508,1699525.643,1413840,651590
1029,0.06307621,1968212.145,1702141.64,1440888,662312
1030,0.06287528,1969623.029,1704150.041,1463376,670878
1031,0.06267694,1968349.345,1703826.006,1473997,673824
1032,0.06247693,1965328.652,1701994.908,1500965,684140
1033,0.062271,1962041.754,1699954.3,1520409,691211
1034,0.06205912,1959230.096,1698346.598,1538213,697141
1035,0.0618465,1956614.286,1696909.668,1556994,703679
1036,0.06163835,1953870.008,1695341.962,1566179,705882
1037,0.0614371,1951012.048,1693646.82,1589574,714490
1038,0.06124346,1948270.891,1692021.52,1610740,722114
1039,0.06105842,1945819.395,1690612.624,1621706,724996
1040,0.06088385,1943566.758,1689334.357,1648726,735270
1041,0.06072172,1941350.594,1688038.131,1665718,740978
1042,0.06056802,1938967.291,1686562.592,1681898,746477
1043,0.06040814,1936140.451,1684723.841,1698810,752389
1044,0.06022752,1932622.617,1682362.329,1716507,758441
1045,0.06003067,1928704.958,1679713.179,1731368,763789
1046,0.05983696,1925090.43,1677313.244,1748652,770023
1047,0.0596623,1922310.089,1675564.469,1763195,775071
1048,0.05950165,1919988.474,1674160.05,1776684,779944
1049,0.0593432,1917471.902,1672575.784,1791141,785308
1050,0.059179,1914432.671,1670556.21,1804527,790487
1051,0.05900871,1911159.028,1668353.652,1817436,795576
1052,0.05883318,1907990.868,1666261.298,1818308,795500
1053,0.0586569,1905017.007,1664339.639,1839933,804838
1054,0.05848705,1902132.847,1662469.919,1855480,811787
1055,0.0583289,1899284.168,1660584.753,1855295,812258
1056,0.05817842,1896676.801,1658879.778,1875529,821993
1057,0.0580289,1894584,1657619.945,1886174,827496
1058,0.05787546,1892594.916,1656464.795,1894474,832757
1059,0.05771592,1889140.191,1654048.625,1903396,838511
1060,0.05754797,1882783.541,1649120.637,1900751,839382
1061,0.05737098,1874995.939,1642968.925,1914440,848169
1062,0.05718651,1869151.585,1638543.661,1925828,856348
1063,0.05699841,1867445.41,1637757.168,1924016,859163
1064,0.05681445,1867626.255,1638609.681,1941855,871318
1065,0.05664184,1866470.727,1638246.844,1947285,878992
1066,0.05647696,1862537.545,1635415.368,1951717,886797
1067,0.05630349,1856679.031,1630922.569,1956794,896042
1068,0.05610765,1849949.596,1625744.337,1962958,906538
1069,0.05590083,1843798.954,1621110.924,1965464,916701
1070,0.0557069,1839858.157,1618368.597,1970965,929391
1071,0.05553823,1838688.296,1617967.826,1973657,942120
1072,0.05537735,1838271.357,1618200.286,1975236,955602
1073,0.05520262,1836321.305,1617134.163,1977831,970782
1074,0.05501023,1832469.54,1614457.179,1979584,987145
1075,0.05481204,1827954.586,1611214.49,1980892,1004429
1076,0.05462035,1823864.75,1608319.306,1969206,1016576
1077,0.05444512,1820410.204,1605920.876,1980001,1041071
1078,0.05429525,1817546.706,1603948.154,1984449,1063872
1079,0.05416492,1814630.734,1601855.514,1972487,1078670
1080,0.05402756,1810190.405,1598441.33,1983306,1106153
1081,0.05385954,1803106.409,1592802.106,1984505,1129152
1082,0.05367605,1795408.639,1586672.393,1984982,1152061
1083,0.0535116,1790565.388,1582991.514,1987896,1176375
1084,0.05338409,1789993.496,1582950.615,1981148,1195041
1085,0.05327184,1790653.151,1583943.287,1994315,1224765
1086,0.05314921,1789123.86,1583037.489,2007091,1254134
1087,0.05301759,1784595.012,1579508.926,2008721,1276008
1088,0.05289789,1778075.763,1574172.69,2033043,1310805
1089,0.05280424,1770827.818,1568094,2046027,1337971
1090,0.05272618,1764811.664,1563047.532,2060062,1364864
1091,0.05264865,1762019.878,1560853.537,2077391,1392731
1092,0.05256381,1762036.335,1561173.069,2098278,1422045
1093,0.05247046,1762093.29,1561559.156,2115851,1447999
1094,0.05236975,1759957.954,1560028.554,2138309,1476653
1095,0.05227459,1756302.822,1557129.757,2157616,1502155
1096,0.05220133,1752611.725,1554119.41,2175734,1526371
1097,0.05215113,1749543.068,1551577.627,2194497,1550375
1098,0.05210528,1746697.019,1549217.164,2211761,1573002
1099,0.05204766,1743687.275,1546752.908,2228041,1594632
1100,0.05198688,1740631.448,1544258.3,2229751,1605648
1101,0.05194086,1737833.82,1541939.68,2254258,1632992
1102,0.05191716,1735419.676,1539881.708,2272311,1656016
1103,0.05190669,1733229.653,1537975.512,2270955,1665249
1104,0.05189998,1731062.242,1536076.002,2294966,1693006
1105,0.0518962,1728588.395,1533894.167,2306961,1712433
1106,0.05189846,1725425.061,1531079.161,2317801,1731197
1107,0.05190572,1721633.738,1527689.339,2328764,1750523
1108,0.05190912,1718100.801,1524542.459,2327109,1760527
1109,0.05190092,1715665.005,1522409.796,2344585,1785112
1110,0.05189151,1713957.695,1520927.755,2359253,1807549
1111,0.05190066,1711986.117,1519146.241,2357995,1817799
1112,0.05193644,1709250.607,1516593.884,2379829,1845585
1113,0.05198277,1706269.249,1513787.072,2385348,1860996
1114,0.05202325,1703634.065,1511308.288,2389813,1874881
1115,0.05206842,1701457.457,1509220.426,2394922,1889011
1116,0.05214384,1699586.282,1507298.899,2401835,1904166
1117,0.05226031,1697970.033,1505461.702,2402180,1913221
1118,0.05239679,1696781.531,1503935.249,2407496,1926039
1119,0.05253077,1696112.521,1502878.566,2407909,1934089
1120,0.05266651,1695000.697,1501424.059,2407163,1940713
1121,0.05282366,1691904.456,1498139.231,2407608,1947504
1122,0.05301658,1686715.268,1492881.006,2407454,1952868
1123,0.05324667,1682302.908,1488187.068,2406504,1957288
1124,0.05351218,1681484.238,1486553.779,2391341,1949379
1125,0.05381113,1683266.12,1487105.069,2400694,1960554
1126,0.05414329,1684645.109,1487185.471,2402325,1965188
1127,0.05450844,1683841.157,1485226.461,2384700,1953437
1128,0.05490312,1681444.958,1481765.702,2392495,1961776
1129,0.05532347,1678370.98,1477625.897,2387629,1959429
1130,0.05576968,1675985.725,1474010.692,2380491,1954594
1131,0.05624283,1675852.128,1472288.309,2373745,1949718
1132,0.05674897,1678159.261,1472597.998,2353938,1933821
1133,0.05730588,1680802.203,1473027.058,2353726,1933381
1134,0.05792961,1681813.763,1471798.294,2350215,1930012
1135,0.0586013,1681552.929,1469295.818,2332729,1914843
1136,0.05928659,1681302.048,1466760.32,2337982,1918342
1137,0.05997634,1681786.67,1464854.755,2327993,1909260
1138,0.06069869,1682957.199,1463438.163,2317264,1899396
1139,0.06147679,1684519.272,1462174.461,2308336,1890935
1140,0.06229368,1685215.76,1460030.165,2302134,1884595
1141,0.06312285,1683569.184,1455821.449,2288542,1872600
1142,0.06396386,1680491.786,1450349.047,2280440,1865085
1143,0.06483882,1679518.115,1446591.393,2268210,1854081
1144,0.06575934,1683018.135,1446536.712,2255460,1842682
1145,0.06671746,1688411.329,1447974.108,2243382,1832035
1146,0.06770742,1692081.89,1447817.964,2230869,1820738
1147,0.06871861,1692827.42,1445087.272,2217377,1808634
1148,0.06973118,1691444.138,1440543.822,2191695,1786562
1149,0.0707377,1689187.288,1435291.484,2186994,1781235
1150,0.07176729,1688388.217,1431215.485,2175172,1769785
1151,0.07284644,1691238.36,1430073.585,2146385,1744677
1152,0.0739592,1696614.004,1430947.998,2139979,1737399
1153,0.07507205,1701443.218,1431348.567,2122536,1720963
1154,0.07617468,1704126.663,1429970.879,2104868,1703881
1155,0.07728754,1705830.659,1427737.541,2089769,1688576
1156,0.07842766,1707841.76,1425673.159,2067399,1667038
1157,0.07958895,1710296.44,1423909.679,2064153,1660824
1158,0.08075734,1712881.604,1422230.556,2060358,1653522
1159,0.0819185,1715520.702,1420618.498,2046560,1638020
1160,0.0830568,1718428.864,1419301.81,2052209,1637542
1161,0.08416438,1721774.301,1418442.852,2044297,1625910
1162,0.08526645,1725469.766,1417884.647,2034111,1611947
1163,0.08639433,1729348.95,1417386.528,2023706,1597834
1164,0.08754109,1732996.939,1416630.874,2015842,1585364
1165,0.08867064,1735805.65,1415241.171,2000239,1567049
1166,0.0897652,1737747.244,1413257.87,1989910,1552752
1167,0.0908474,1740161.67,1411699.286,1976311,1536371
1168,0.09193888,1744307.923,1411511.01,1961680,1519712
1169,0.09303234,1749264.983,1411962.813,1948824,1505280
1170,0.09411132,1753109.21,1411554.516,1936074,1491497
1171,0.09516844,1755338.299,1409913.233,1923202,1478803
1172,0.09620245,1757409.011,1408219.659,1901672,1459892
1173,0.0972117,1760560.126,1407470.039,1897970,1455666
1174,0.09820468,1764515.366,1407410.413,1888551,1448099
1175,0.09919329,1768637.868,1407491.001,1867283,1432111
1176,0.10017691,1772879.23,1407674.495,1864542,1431386
1177,0.10114378,1777651.406,1408324.768,1853142,1424878
1178,0.10208246,1782642.276,1409229.56,1841159,1418793
1179,0.10298625,1785908.556,1408876.632,1830531,1414449
1180,0.1038554,1785881.748,1406038.769,1812827,1405430
1181,0.10470806,1785130.115,1402690.386,1808130,1407038
1182,0.10556241,1787865.383,1402078.753,1801275,1407366
1183,0.10640992,1794628.56,1404638.79,1786012,1401835
1184,0.10722113,1801636.428,1407492.304,1786148,1408546
1185,0.10798064,1805889.138,1408349.511,1776623,1408139
1186,0.10870316,1807821.202,1407512.67,1766209,1407450
1187,0.10940623,1808640.993,1405873.169,1757452,1408198
1188,0.1100928,1810198.432,1404861.092,1751891,1411895
1189,0.11075522,1814704.104,1406211.36,1740911,1411528
1190,0.11138239,1822376.39,1410118.749,1735379,1415560
1191,0.11196391,1830216.076,1414289.96,1727043,1417689
1192,0.11249549,1835670.537,1416769.672,1718414,1419307
1193,0.11298356,1839583.198,1418194.757,1711793,1422940
1194,0.11343491,1843705.857,1419896.625,1706105,1427385
1195,0.11384699,1848739.813,1422423.115,1700367,1431423
1196,0.11421103,1854554.779,1425701.597,1688811,1430521
1197,0.11452253,1860399.062,1429168.996,1691720,1441224
1198,0.11478615,1864301.097,1431297.479,1690367,1448251
1199,0.11500641,1864934.446,1431057.751,1679498,1446622
1200,0.11517533,1865567.328,1430986.699,1684689,1458083
1201,0.11527983,1870876.609,1434713.939,1683081,1463337
1202,0.11532412,1880620.478,1442039.127,1681319,1467643
1203,0.11532954,1889966.732,1449187.64,1681104,1472965
1204,0.1153074,1895538.493,1453534.034,1675570,1472541
1205,0.11524358,1897832.001,1455506.631,1680785,1480874
1206,0.11512159,1898153.993,1456162.536,1684491,1487352
1207,0.11493498,1899463.081,1457793.052,1681681,1487411
1208,0.11468332,1905229.284,1463066.036,1692856,1499115
1209,0.11438332,1915024.916,1471604.489,1696553,1503600
1210,0.11406595,1924439.826,1479920.502,1699977,1507716
1211,0.1137416,1930634.51,1485793.537,1705485,1513049
1212,0.11337425,1935229.107,1490589.761,1712517,1519634
1213,0.11292979,1940271.186,1496003.618,1717363,1523891
1214,0.11242541,1945909.75,1502094.581,1726356,1531910
1215,0.11189774,1951506.245,1508246.089,1732787,1537588
1216,0.11135391,1956935.247,1514337.042,1738696,1542661
1217,0.1107718,1962605.89,1520762.159,1746295,1548886
1218,0.11013966,1968769.442,1527760.226,1754025,1555279
1219,0.10947333,1975217.414,1535117.333,1762050,1561537
1220,0.10878959,1981634.046,1542530.885,1762948,1561531
1221,0.10808659,1987462.507,1549574.123,1778577,1574589
1222,0.10735521,1992101.808,1555809.143,1790492,1583955
1223,0.106604,1996156.611,1561674.846,1791184,1583424
1224,0.10586059,2001404.756,1568463.209,1808924,1597442
1225,0.10513991,2008460.07,1576606.426,1818564,1604650
1226,0.10442061,2015146.521,1584477.29,1827817,1611116
1227,0.10368038,2019419.899,1590546.054,1837722,1617988
1228,0.10293651,2022311.682,1595554.269,1840313,1618651
1229,0.1022214,2025881.086,1601004.486,1855264,1629830
1230,0.10153626,2030526.269,1607208.987,1867285,1638705
1231,0.10085364,2035223.25,1613460.771,1869262,1638620
1232,0.10016249,2039490.605,1619418.974,1887340,1652685
1233,0.09948727,2043998.248,1625523.483,1895147,1657940
1234,0.09885101,2049003.749,1631893.244,1901979,1662369
1235,0.0982463,2052145.427,1636672.688,1909863,1667490
1236,0.09765523,2050675.859,1637728.051,1918180,1673033
1237,0.09707685,2047084.746,1637038.797,1924860,1677164
1238,0.09652783,2047475.598,1639422.537,1934831,1683851
1239,0.09601461,2053639.77,1646302.588,1941988,1688418
1240,0.09551709,2060528.789,1653718.526,1948205,1691983
1241,0.09501869,2063859.86,1658293.957,1955739,1696420
1242,0.09453898,2064296.591,1660477.959,1963225,1700672
1243,0.09410338,2063719.124,1661679.289,1969601,1704061
1244,0.09370091,2064843.1,1664125.754,1965931,1698717
1245,0.09330312,2070722.397,1670393.388,1979520,1708286
1246,0.09290463,2080952.155,1680186.393,1987430,1713094
1247,0.09252317,2091074.316,1689842.761,1980951,1705537
1248,0.09216814,2098184.705,1696975.505,1994888,1715282
1249,0.0918323,2104002.909,1702997.59,1998690,1716748
1250,0.09150936,2110705.851,1709693.883,2000785,1716884
1251,0.0912055,2118736.014,1717399.554,2003456,1717426
1252,0.09093039,2127790.139,1725831.523,1996354,1709713
1253,0.09068069,2136115.629,1733580.726,2003315,1714193
1254,0.09044184,2140794.36,1738333.553,2006659,1715684
1255,0.09020798,2142174.986,1740391.533,1997587,1706707
1256,0.08999175,2146417.823,1744707.051,2006181,1713133
1257,0.08980293,2157930.043,1754827.517,2002637,1709025
1258,0.08962405,2171860.271,1766883.173,1996341,1702965
1259,0.08943226,2181641.912,1775624.831,1990694,1697512
1260,0.08923253,2186122.896,1780090.318,1984573,1692153
1261,0.08904555,2187182.161,1781719.798,1976565,1685245
1262,0.08888153,2187974.896,1783038.826,1971482,1681412
1263,0.08873892,2193076.012,1787782.824,1963808,1675528
1264,0.08861451,2204259.71,1797414.545,1956023,1669702
1265,0.08850015,2216352.047,1807750.918,1948999,1665006
1266,0.08838692,2224291.343,1814699.615,1941793,1660231
1267,0.08827079,2229186.813,1819180.026,1933817,1654878
1268,0.08815067,2234060.969,1823661.992,1914061,1639679
1269,0.08803476,2239716.517,1828766.66,1911996,1639463
1270,0.08793703,2245381.859,1833805.121,1902471,1633063
1271,0.08785751,2250701.457,1838486.233,1875734,1611453
1272,0.08777638,2255967.811,1843132.352,1866820,1605013
1273,0.08767933,2261452.266,1848026.073,1845417,1587674
1274,0.08757275,2267210.663,1853186.494,1819377,1565806
1275,0.08746598,2273158.971,1858505.401,1791571,1542585
1276,0.08736288,2278548.03,1863353.728,1752546,1508977
1277,0.0872649,2282455.264,1866970.16,1725707,1485660
1278,0.08717308,2285639.797,1869970.3,1694795,1458393
1279,0.08708837,2290238.228,1874097.985,1651477,1420463
1280,0.08700517,2296655.981,1879709.684,1623299,1395114
1281,0.08690669,2302373.282,1884816.389,1582858,1359367
1282,0.08678256,2305577.311,1887978.852,1539172,1320257
1283,0.08664875,2307803.236,1890383.966,1492817,1279095
1284,0.08652459,2311032.965,1893570.792,1444008,1236110
1285,0.08641069,2315256.125,1897528.69,1389771,1188296
1286,0.08629938,2319612.422,1901586.346,1333718,1139212
1287,0.08618989,2324167.135,1905800.617,1272920,1086176
1288,0.08608778,2329793.144,1910863.142,1209744,1031188
1289,0.08599588,2335661.351,1916081.589,1144778,974985
1290,0.08591157,2337951.47,1918332.662,1078584,917884
1291,0.08583086,2334821.262,1916120.344,1010966,859737
1292,0.08574853,2332417.643,1914510.662,935417,794986
1293,0.08566163,2337353.276,1918945.873,866267,735731
1294,0.08557939,2346609.786,1926910.263,788534,669486
1295,0.08551466,2353073.622,1932506.014,699394,593460
1296,0.08546713,2354538.859,1933921.022,614496,521194
1297,0.08542587,2353127.208,1932945.175,523120,443173
1298,0.0853906,2351735.448,1931958.827,431244,365332
1299,0.0853791,2354305.923,1934121.668,343986,291072
1300,0.08540359,2362811.528,1940999.818,262621,222040
1301,0.08545244,2372418.194,1948672.297,194536,164335
1302,0.08551144,2377801.626,1952828.832,137822,116196
1303,0.08557892,2379826.706,1954188.323,93576,78786
1304,0.0856583,2381810.573,1955459.899,63541,53107
1305,0.08575729,2385034.337,1957660.335,43422,36181
1306,0.0858869,2389130.781,1960437.618,31285,26024
1307,0.08604714,2392564.39,1962530.856,24494,20045
1308,0.08622229,2392142.074,1961393.272,20436,16680
1309,0.08640445,2387182.39,1956505.854,18339,14842
1310,0.08660844,2384493.559,1953384.371,16884,13767
1311,0.08684839,2390271.193,1957035.88,15948,12957
1312,0.08712407,2399748.685,1963548.788,15260,12343
1313,0.08743262,2404798.428,1966283.179,14777,11786
1314,0.08776367,2403484.728,1963711.545,14137,11316
1315,0.08810034,2398063.786,1957764.252,13800,11081
1316,0.088445,2392347.405,1951548.051,13367,10817
1317,0.08882299,2391937.566,1949516.22,12908,10529
1318,0.08924882,2398784.45,1953180.629,12758,10271
1319,0.08971709,2406345.596,1957225.701,12432,9923
1320,0.0902222,2408699.053,1956862.64,,
1321,0.09074963,2407741.867,1953710.871,,
1322,0.09128248,2407154.511,1950839.267,,
1323,0.09183167,2407465.971,1948625.983,,
1324,0.09242347,2407602.649,1946082.918,,
1325,0.0930674,2407319.22,1942970.838,,
1326,0.093756,2407160.835,1939764.962,,
1327,0.09447934,2407428.211,1936751.955,,
1328,0.09522531,2407957.087,1933852.89,,
1329,0.09598883,2408364.355,1930782.518,,
1330,0.09678777,2407721.564,1926719.486,,
1331,0.0976398,2405351.012,1921049.984,,
1332,0.09852622,2402733.801,1915046.988,,
1333,0.09941488,2401932.857,1910495.341,,
1334,0.10031192,2402206.68,1906770.599,,
1335,0.10125298,2400972.695,1901665.979,,
1336,0.10225091,2397684.476,1894702.908,,
1337,0.10328544,2394262.168,1887496.956,,
1338,0.104337,2391874.909,1881054.881,,
1339,0.10539781,2389796.979,1874835.632,,
1340,0.10646898,2387422.729,1868359.085,,
1341,0.10757469,2385560.355,1862154.542,,
1342,0.10873632,2384879.36,1856650.214,,
1343,0.10992475,2382428.771,1849673.945,,
1344,0.11109761,2374070.704,1838213.875,,
1345,0.1122629,2362748.835,1824545.325,,
1346,0.11345418,2356887.814,1815033.847,,
1347,0.11467261,2358198.375,1810955.292,,
1348,0.1158975,2358996.268,1806465.837,,
1349,0.1171248,2353932.159,1797501.007,,
1350,0.11836222,2344894.434,1785505.016,,
1351,0.11961357,2334980.82,1772840.843,,
1352,0.12087728,2327926.673,1762349.423,,
1353,0.12214439,2326878.596,1756423.893,,
1354,0.1234074,2328678.73,1752678.153,,
1355,0.12467065,2327351.774,1746591.657,,
1356,0.12593335,2321916.241,1737453.516,,
1357,0.12717937,2315606.278,1727767.68,,
1358,0.12840426,2310415.273,1719039.214,,
1359,0.12962867,2306367.428,1711196.284,,
1360,0.1308612,2302425.074,1703430.051,,
1361,0.13207748,2295303.12,1693411.762,,
1362,0.1332643,2283198.445,1679884.25,,
1363,0.13445244,2272371.972,1667350.808,,
1364,0.13566629,2269970.902,1660940.217,,
1365,0.13688753,2272197.209,1657900.607,,
1366,0.1380953,2270296.563,1651913.453,,
1367,0.13928795,2261744.695,1641177.805,,
1368,0.14046721,2249195.463,1627646.13,,
1369,0.14164225,2236507.384,1614091.276,,
1370,0.14283182,2228960.689,1604244.604,,
1371,0.1440399,2228326.411,1599333.039,,
1372,0.14525927,2228048.524,1594649.997,,
1373,0.14649588,2222371.95,1586064.585,,
1374,0.14776126,2213488.959,1575128.888,,
1375,0.14905916,2205113.642,1564486.474,,
1376,0.15038565,2197481.505,1554316.95,,
1377,0.15173831,2189379.342,1543770.387,,
1378,0.15312939,2180684.303,1532722.042,,
1379,0.15457939,2172064.467,1521574.854,,
1380,0.15609034,2163784.556,1510510.263,,
1381,0.15764304,2155603.569,1499428.831,,
1382,0.15923412,2147124.22,1488068.939,,
1383,0.16089508,2137700.251,1475882.314,,
1384,0.16265176,2127156.36,1462674.364,,
1385,0.164487,2116986.805,1449543.158,,
1386,0.16637563,2108595.017,1437532.088,,
1387,0.16833283,2100836.625,1425802.755,,
1388,0.17039296,2091858.972,1412991.143,,
1389,0.17256198,2082005.043,1399328.865,,
1390,0.17482199,2072879.908,1385964.652,,
1391,0.17716972,2064965.346,1373229.268,,
1392,0.17962275,2057651.172,1360658.069,,
1393,0.18219568,2050836.815,1348141.322,,
1394,0.18489126,2045277.033,1336167.431,,
1395,0.18769159,2040579.873,1324530.654,,
1396,0.19054547,2033263.245,1311137.196,,
1397,0.19343727,2021201.084,1294709.264,,
1398,0.19644873,2010119.309,1278713.076,,
1399,0.1996395,2006522.584,1267081.497,,
1400,0.20296238,2007236.458,1257871.15,,
1401,0.20636565,2005182.716,1246775.623,,
1402,0.20983034,1998789.982,1232925.458,,
1403,0.21333316,1990469.186,1217929.914,,
1404,0.21689585,1983356.631,1203663.153,,
1405,0.22058901,1981272.715,1192216.837,,
1406,0.2244101,1984695.774,1183815.007,,
1407,0.22827362,1988077.773,1175329.794,,
1408,0.23214349,1987435.975,1164527.256,,
1409,0.23604664,1985099.882,1152751.575,,
1410,0.23999576,1983972.723,1141668.274,,
1411,0.24398431,1984289.012,1131411.564,,
1412,0.24800135,1985293.657,1121562.319,,
1413,0.25200438,1984675.018,1110925.714,,
1414,0.25595595,1979759.332,1098136.814,,
1415,0.25989561,1973645.685,1084859.699,,
1416,0.26387382,1973608.998,1074947.615,,
1417,0.26786488,1980072.207,1068602.408,,
1418,0.27183238,1985310.51,1061685.94,,
1419,0.27576335,1984553.081,1051718.142,,
1420,0.2795981,1979267.036,1039695.804,,
1421,0.28330157,1972385.985,1027283.568,,
1422,0.28695777,1969166.279,1017008.579,,
1423,0.29061515,1973385.118,1010640.5,,
1424,0.29419357,1979929.167,1005671.359,,
1425,0.29763173,1982038.932,998804.3987,,
1426,0.30096379,1980356.482,990329.2092,,
1427,0.30423376,1978754.489,982105.5213,,
1428,0.30742141,1978155.352,974628.2228,,
1429,0.31047628,1977380.3,967417.4675,,
1430,0.31339207,1976093.743,960318.8858,,
1431,0.31620502,1974923.943,953554.1394,,
1432,0.31893287,1974178.369,947225.7982,,
1433,0.3215633,1973554.434,941208.4278,,
1434,0.32408256,1972651.886,935336.5252,,
1435,0.32647817,1970967.202,929396.9183,,
1436,0.32874647,1968303.149,923305.7008,,
1437,0.33091056,1965756.153,917527.4958,,
1438,0.33298856,1964434.91,912534.0665,,
1439,0.33495203,1963450.686,907962.625,,
1440,0.33676567,1961292.117,903184.785,,
1441,0.33846122,1958185.64,898240.5246,,
1442,0.34010323,1955352.811,893556.2629,,
1443,0.34168683,1953073.692,889266.2283,,
1444,0.34314797,1950787.16,885241.8115,,
1445,0.3444801,1948507.797,881499.455,,
1446,0.34575416,1947041.493,878255.8347,,
1447,0.34699741,1945769.436,875173.109,,
1448,0.34814551,1941153.715,870791.9828,,
1449,0.34915982,1931864.154,864603.059,,
1450,0.35008915,1924211.554,859337.3159,,
1451,0.35097638,1923732.151,857369.8799,,
1452,0.35181282,1925780.37,856631.2895,,
1453,0.35258937,1923662.325,854160.4636,,
1454,0.35332048,1917154.386,849838.8936,,
1455,0.35402281,1908928.742,844825.2902,,
1456,0.35467964,1902286.423,840613.3269,,
1457,0.35525215,1900696.409,838804.2157,,
1458,0.35574094,1902806.833,838790.9976,,
1459,0.35619062,1902801.873,837920.752,,
1460,0.35663409,1898569.34,835203.6269,,
1461,0.3570787,1893272.104,832021.1006,,
1462,0.35750454,1889146.141,829394.2341,,
1463,0.35784587,1885843.802,827293.9593,,
1464,0.35806891,1882235.98,825287.298,,
1465,0.35824982,1875797.289,822121.6485,,
1466,0.35846368,1865281.805,817110.4759,,
1467,0.35868548,1856159.023,812698.9453,,
1468,0.35886477,1854256.579,811530.8935,,
1469,0.35898783,1855617.462,811896.4086,,
1470,0.35905921,1852892.169,810570.7626,,
1471,0.35908967,1844656.088,806911.1915,,
1472,0.35909174,1833073.569,801840.8143,,
1473,0.35906273,1822127.601,797105.9684,,
1474,0.35898809,1817093.955,795040.573,,
1475,0.35887095,1817573.059,795464.7342,,
1476,0.35873402,1816531.682,795259.669,,
1477,0.35859079,1810631.414,792938.0636,,
1478,0.35844036,1803229.752,789970.1926,,
1479,0.3582758,1796874.898,787484.5483,,
1480,0.35807682,1790769.698,785168.5919,,
1481,0.35783145,1784036.448,782658.4308,,
1482,0.35756435,1777127.955,780107.3126,,
1483,0.35729949,1770625.581,777727.1249,,
1484,0.35701689,1764375.915,775486.4718,,
1485,0.35668769,1757991.504,773266.3056,,
1486,0.35631859,1751010.991,770850.7216,,
1487,0.35593256,1743038.768,768023.4681,,
1488,0.35556131,1734723.417,765013.2078,,
1489,0.35523871,1727261.939,762288.7124,,
1490,0.35492632,1720449.725,759828.6602,,
1491,0.35452649,1712948.346,757212.5129,,
1492,0.35403256,1704483.658,754328.0979,,
1493,0.35354497,1696015.096,751423.4463,,
1494,0.3531115,1688019.43,748627.7778,,
1495,0.35268682,1680132.117,745858.797,,
1496,0.35223201,1672250.495,743137.7474,,
1497,0.35174047,1664969.981,740740.2471,,
1498,0.35121959,1658073.861,738557.4475,,
1499,0.35070244,1648744.56,735276.9186,,
1500,0.35020852,1635333.076,730125.8048,,
1501,0.3496967,1622764.094,725368.4987,,
1502,0.34912947,1616100.545,723334.0402,,
1503,0.34854436,1611941.076,722445.0237,,
1504,0.34799051,1604604.587,720074.6469,,
1505,0.34745836,1593605.002,716015.3334,,
1506,0.3469159,1580990.681,711235.4728,,
1507,0.34635413,1569723.131,707080.6179,,
1508,0.3457817,1563048.182,705002.5068,,
1509,0.34521131,1559479.09,704317.1195,,
1510,0.34465036,1553744.376,702634.0841,,
1511,0.34407966,1544499.121,699371.6248,,
1512,0.34345979,1534752.931,695951.0237,,
1513,0.34280356,1526189.98,693114.5855,,
1514,0.34219499,1518307.67,690501.7725,,
1515,0.34166394,1509893.91,687515.4971,,
1516,0.34112835,1498741.905,683279.6775,,
1517,0.34052859,1484779.748,677849.7539,,
1518,0.3399013,1473330.951,673595.2484,,
1519,0.33929503,1467865.089,672033.7888,,
1520,0.33872047,1463464.108,670905.8993,,
1521,0.33816991,1454875.114,667814.4391,,
1522,0.33762535,1442364.118,662902.3458,,
1523,0.33707327,1427976.528,657124.7151,,
1524,0.33652839,1415619,652255.867,,
1525,0.33601771,1408904.522,649925.9175,,
1526,0.33554821,1404701.286,648687.8648,,
1527,0.33510809,1397481.647,646008.1852,,
1528,0.33466045,1387296.777,641961.4104,,
1529,0.33416317,1377157.016,637999.4261,,
1530,0.33363637,1367819.318,634442.6336,,
1531,0.33314037,1358468.193,630825.3006,,
1532,0.33268643,1348926.192,627049.3953,,
1533,0.33224306,1339591.111,623346.025,,
1534,0.33180465,1330568.219,619772.775,,
1535,0.33139499,1321625.369,616188.1955,,
1536,0.33102204,1312493.342,612456.2475,,
1537,0.33067021,1302881.734,608463.8612,,
1538,0.33032246,1292891.477,604281.9396,,
1539,0.32996312,1283257.72,600275.7074,,
1540,0.32959216,1274281.732,596586.3358,,
1541,0.32923965,1265289.153,592857.2436,,
1542,0.32891844,1255830.999,588860.9536,,
1543,0.32859071,1246284.115,584825.561,,
1544,0.32822823,1236995.673,580951.5936,,
1545,0.32785514,1227860.993,577157.131,,
1546,0.32749921,1218817.618,573376.007,,
1547,0.32716481,1210257.053,569787.3614,,
1548,0.32684977,1202219.795,566414.167,,
1549,0.32654419,1192753.739,562349.864,,
1550,0.32623582,1180284.429,556866.1929,,
1551,0.32592324,1168143.709,551534.9436,,
1552,0.32561387,1160301.951,548222.8759,,
1553,0.3253217,1154456.538,545828.0991,,
1554,0.32505687,1146349.704,542325.7815,,
1555,0.32481193,1135645.196,537564.6979,,
1556,0.32457302,1123899.262,532297.4243,,
1557,0.32432784,1113367.391,527607.1336,,
1558,0.32406783,1106323.309,524583.022,,
1559,0.32380476,1101140.342,522441.7932,,
1560,0.32355786,1094037.173,519366.8356,,
1561,0.32331619,1084798.735,515267.7679,,
1562,0.32305345,1075671.91,511241.8219,,
1563,0.32280998,1067418.068,507603.4534,,
1564,0.32267345,1059528.039,504009.8246,,
1565,0.32258863,1050853.409,499981.0083,,
1566,0.32237215,1039826.064,494981.0196,,
1567,0.32201812,1027835.87,489672.4323,,
1568,0.32171345,1019133.214,485867.1131,,
1569,0.32153561,1013874.444,483557.9899,,
1570,0.3214166,1007554.52,480675.4687,,
1571,0.32127648,998000.4395,476271.1233,,
1572,0.32103413,986245.0968,470923.8947,,
1573,0.3206916,974380.2818,465625.6432,,
1574,0.3203702,965603.0452,461772.8792,,
1575,0.32011585,960204.687,459460.2798,,
1576,0.31983909,954138.8254,456848.7888,,
1577,0.31949099,945482.4676,453067.0623,,
1578,0.31911272,936203.2574,449011.4614,,
1579,0.31873244,927566.893,445259.094,,
1580,0.31833663,919072.8996,441584.0061,,
1581,0.31791972,910387.502,437831.0565,,
1582,0.31750035,901782.3249,434111.5818,,
1583,0.31707724,893441.7745,430515.7222,,
1584,0.31660436,885264.2766,427040.0254,,
1585,0.31606912,877029.4651,423589.3822,,
1586,0.31553808,868347.0213,419909.0507,,
1587,0.3150376,859180.2781,415955.3398,,
1588,0.31448949,850259.1193,412156.1775,,
1589,0.31384809,841948.9954,408731.1046,,
1590,0.31316588,833645.5597,405336.3567,,
1591,0.31249265,824965.3081,401738.1173,,
1592,0.31184623,816267.3172,398094.5014,,
1593,0.31122185,807804.7611,394534.1111,,
1594,0.3105705,799389.3942,391010.0134,,
1595,0.30986099,790961.3694,387520.147,,
1596,0.30911897,782865.8312,384209.7381,,
1597,0.30836569,774911.7197,380966.283,,
1598,0.30758938,765635.8817,377079.4775,,
1599,0.3067779,754817.7472,372446.7594,,
1600,0.30594403,745233.2961,368424.2595,,
1601,0.3051204,738200.6713,365640.286,,
1602,0.30434826,731214.4071,362824.3941,,
1603,0.30362237,722496.7682,359098.46,,
1604,0.30285848,712688.6886,354847.2066,,
1605,0.3020113,702935.6122,350674.5514,,
1606,0.30113322,694782.6941,347308.7872,,
1607,0.30026813,688458.1474,344833.4693,,
1608,0.29940561,681731.3928,342143.0192,,
1609,0.2985447,673489.7723,338677.4711,,
1610,0.29772847,664961.5332,335017.9347,,
1611,0.29695422,656959.2273,331576.8499,,
1612,0.29612897,649268.0287,328318.2659,,
1613,0.29524003,641293.6548,324950.2797,,
1614,0.29440581,632058.5378,320886.5313,,
1615,0.29363683,622130.6781,316406.058,,
1616,0.29279211,614103.4135,312931.5894,,
1617,0.29184849,608150.3222,310572.1056,,
1618,0.29092321,601425.497,307792.921,,
1619,0.29007171,592769.4541,303958.3714,,
1620,0.28928617,583061.2704,299521.5159,,
1621,0.28855549,573728.6065,295223.5645,,
1622,0.28786797,566490.8673,291961.07,,
1623,0.28717517,560736.5179,289456.7397,,
1624,0.2863912,554042.3039,286517.8759,,
1625,0.28551858,546123.9995,282991.0357,,
1626,0.28463715,538213.7404,279458.6982,,
1627,0.28381669,530619.8517,276036.6848,,
1628,0.28310576,523076.8879,272558.5237,,
1629,0.28245679,515539.7591,269032.886,,
1630,0.28177924,508081.4754,265554.7807,,
1631,0.28106066,500754.6475,262158.731,,
1632,0.28031731,493549.9478,258829.5176,,
1633,0.27951947,486154.1104,255419.7596,,
1634,0.27865452,478309.2438,251799.1439,,
1635,0.27788684,470515.6965,248134.5717,,
1636,0.27734895,463253.3624,244607.4198,,
1637,0.27682207,456133.4229,241140.3139,,
1638,0.27611144,448794.1958,237648.8923,,
1639,0.27536287,441511.5187,234195.8347,,
1640,0.27470739,434468.8671,230808.2218,,
1641,0.27408494,427399.5101,227378.3344,,
1642,0.27345181,420241.5723,223896.4472,,
1643,0.27284693,413373.7665,220544.3718,,
1644,0.27230879,406605.1478,217202.1291,,
1645,0.2718562,398986.6774,213354.6926,,
1646,0.27146515,390840.9008,209187.0806,,
1647,0.27107547,383721.4285,205560.9321,,
1648,0.27066696,377488.4791,202412.2272,,
1649,0.2702416,370764.6694,199001.6783,,
1650,0.2697426,363243.1426,195188.7705,,
1651,0.26910799,355306.0164,191202.941,,
1652,0.26849237,347726.3216,187389.4742,,
1653,0.26810436,341114.8608,183990.8714,,
1654,0.2678963,334578.145,180551.5699,,
1655,0.26773024,327190.9956,176632.6991,,
1656,0.26745253,319340.0237,172504.6587,,
1657,0.26703401,311484.8626,168423.595,,
1658,0.26675378,303661.4159,164299.3454,,
1659,0.26671852,295645.3859,159975.1724,,
1660,0.26667192,286933.2525,155277.6551,,
1661,0.2665145,277806.9655,150393.3503,,
1662,0.26636725,269303.9393,145839.5977,,
1663,0.26626498,261149.9774,141457.1853,,
1664,0.26616574,252233.6059,136658.6763,,
1665,0.26606792,242501.746,131415.6094,,
1666,0.26598692,232441.4221,125987.2522,,
1667,0.26590152,222658.8113,120708.6418,,
1668,0.26585095,213468.4666,115739.8143,,
1669,0.26611929,204202.4693,110647.5234,,
1670,0.2667911,194472.574,105212.4806,,
1671,0.26737722,184753.5139,99819.52122,,
1672,0.26758078,175259.7592,94645.81877,,
1673,0.26752604,165805.1854,89551.33576,,
1674,0.26760536,156502.208,84511.36386,,
1675,0.26835275,147655.097,79596.81626,,
1676,0.26948737,139209.7781,74848.37395,,
1677,0.27034317,130971.5801,70280.34689,,
1678,0.27074987,122846.4766,65858.65239,,
1679,0.27097487,114900.0799,61566.6413,,
1680,0.27207109,107503.2021,57457.97386,,
1681,0.27407139,100708.0703,53578.78738,,
1682,0.27506879,94102.27232,49949.52059,,
1683,0.27501477,87712.21613,46563.46711,,
1684,0.27572969,81876.94707,43394.22631,,
1685,0.276993,76483.62297,40418.05868,,
1686,0.27777592,71312.66523,37617.57106,,
1687,0.27892747,66514.69648,34993.72287,,
1688,0.28120274,62171.9398,32538.06181,,
1689,0.28367051,58068.04019,30218.06549,,
1690,0.28520029,54135.40458,28072.50048,,
1691,0.28490397,50490.67982,26200.35963,,
1692,0.28393746,47149.15951,24520.90511,,
1693,0.284359,44054.37785,22889.17171,,
1694,0.28476396,41108.94723,21338.91797,,
1695,0.28388602,38292.73522,19917.2957,,
1696,0.28424502,35771.74674,18590.67372,,
1697,0.2865813,33546.35946,17340.59918,,
1698,0.28839354,31435.02738,16181.55687,,
1699,0.28874931,29498.45778,15172.25026,,
1700,0.28785097,27852.78888,14355.47981,,
