Batch Number,B2600056,,,,
Category,Aquaculture,,,,
Specie,Cold Fresh Water Fish,,,,
Family,Salmonoid,,,,
Brand,A'FLAKES,,,,
Product Code,FTT207002,,,,
Product name,A\'FLAKES Gold- Salmonoid Finisher 7002,,,,
NIR-Code,Y20260214-00111,,,,
Serial Number:,5B25203,,,,
Scan Config Name:,IAS5100,,,,
Scan Config Type:,2,,,,
Start wavelength in nm:,900,,,,
End wavelength in nm:,1700,,,,
Pattern Pixel Width:,11,,,,
Exposure Time:,0,,,,
Measurement points:,420,,,,
Number of Measurement points:,801,,,,
Num Repeats:,90,90,,,
PGA Gain:,64,64,,,
Wavelength,Absorbance,Reference Signal,Sample Signal,Reference Original,Sample Original
900,0.69353715,1238304.972,250778.5948,5462,877
901,0.69330229,1258195.676,254944.6492,5468,975
902,0.69313255,1277969.063,259052.5044,5362,918
903,0.69303009,1297542.258,263082.1706,5154,883
904,0.69293754,1316736.143,267030.7167,5076,861
905,0.69279724,1335366.583,270896.4178,4953,911
906,0.69258907,1353396.433,274685.6418,5004,840
907,0.69235762,1371064.861,278419.9703,4983,845
908,0.69215214,1388641.316,282122.6399,4939,922
909,0.69200055,1406260.811,285802.043,5095,788
910,0.69187888,1423696.051,289426.5687,5048,872
911,0.69175603,1440659.324,292957.9351,5173,870
912,0.6916059,1456946.858,296372.4343,5309,995
913,0.69141731,1472673.977,299701.7639,5517,956
914,0.6911828,1488031.816,302990.7846,5679,913
915,0.69090293,1503181.361,306272.818,5897,998
916,0.69061779,1518126.321,309520.9989,6222,952
917,0.69037849,1532819.299,312688.9034,6349,965
918,0.69022498,1547234.293,315741.0901,6665,1049
919,0.6901329,1561494.61,318718.7314,7147,1025
920,0.69005241,1575787.098,321695.6063,7461,1100
921,0.68994058,1590217.191,324725.1007,8056,1166
922,0.68980243,1604146.017,327673.6108,8599,1331
923,0.68966708,1616536.733,330307.5503,8989,1354
924,0.68955953,1626507.933,332427.2797,9661,1342
925,0.68946844,1635037.747,334240.7104,10393,1583
926,0.68936018,1644308.25,336219.6194,11123,1683
927,0.68920488,1656361.082,338805.2542,12067,1692
928,0.68901334,1670886.4,341927.1458,12972,1889
929,0.68882512,1685790.897,345126.7168,13932,2011
930,0.68867606,1699016.966,347953.8543,15077,2107
931,0.68856226,1709935.264,350281.6686,16290,2217
932,0.68844752,1719147.108,352261.7735,17662,2445
933,0.68829758,1727307.537,354056.1045,19254,2753
934,0.68811877,1735354.649,355852.0473,21144,3029
935,0.6879553,1744495.645,357861.1821,23024,3079
936,0.68785034,1755886.742,360284.9825,25533,3390
937,0.68780081,1769216.099,363061.3924,28357,3771
938,0.68775766,1782675.329,365859.7133,31388,4222
939,0.68767273,1794441.676,368346.5599,35243,4809
940,0.68754318,1804055.423,370430.4619,39732,5449
941,0.68741306,1812505.486,372277.0555,44837,6185
942,0.6873266,1820829.329,374061.1844,50598,7130
943,0.68729095,1829494.768,375872.2114,57281,8093
944,0.68727409,1838355.78,377707.3862,64892,9188
945,0.6872434,1847219.521,379555.3429,73529,10554
946,0.68718685,1855471.127,381300.4756,83175,11974
947,0.68711363,1862047.211,382716.3906,93973,13717
948,0.68703342,1865938.895,383587.1024,106296,15498
949,0.68695294,1867954.345,384072.5897,119433,17697
950,0.68687634,1870755.053,384716.3014,134022,20017
951,0.68680826,1876954.418,386051.6999,149074,22421
952,0.68675819,1886388.356,388036.805,165053,25102
953,0.68673958,1896246.747,390081.4269,181792,27734
954,0.68676389,1903719.676,391596.778,198779,30608
955,0.6868125,1907894.641,392411.6504,216052,33260
956,0.68684108,1909502.582,392716.523,232137,36084
957,0.68680803,1909371.879,392719.5278,249789,38928
958,0.68672368,1908971.507,392713.4405,266268,41784
959,0.68663847,1910261.397,393055.9073,280321,44134
960,0.68659942,1914995.035,394065.3375,296546,46826
961,0.68659816,1922303.01,395570.3088,310842,49202
962,0.68659014,1929586.116,397076.3557,324757,51497
963,0.68653621,1934473.749,398131.5862,338404,53703
964,0.68644946,1937048.04,398741.0378,350288,55688
965,0.68637149,1938742.677,399161.536,364368,57932
966,0.68633781,1940845.23,399625.4086,377839,60146
967,0.68633711,1943466.033,400165.6878,389708,62065
968,0.68633724,1946190.494,400726.5394,404732,64463
969,0.68631192,1948673.809,401261.2517,417723,66440
970,0.68626733,1950975.941,401776.5444,431100,68427
971,0.68622087,1953297.804,402297.7433,444641,70446
972,0.68618538,1955802.018,402846.4231,458403,72455
973,0.68615497,1958490.149,403428.36,472058,74646
974,0.68611886,1961321.547,404045.1853,487098,76805
975,0.68606846,1964202.872,404685.7241,501087,78776
976,0.68600157,1966879.705,405299.6551,515350,80888
977,0.68591724,1969068.183,405829.407,529871,82916
978,0.68582469,1970726.377,406257.7319,544512,84907
979,0.68575547,1972343.633,406655.9289,559374,86975
980,0.68574346,1974473.281,407106.2824,571375,88598
981,0.68578436,1977264.404,407643.373,589235,91214
982,0.68581465,1980234.718,408227.275,605823,93539
983,0.68576841,1982860.704,408812.1497,618090,95119
984,0.68564527,1984991.505,409367.5216,636893,97677
985,0.68551625,1986884.966,409879.7642,652949,99880
986,0.68545086,1988806.97,410338.0309,668624,102074
987,0.6854484,1990837.463,410759.3011,684855,104062
988,0.68545546,1992916.258,411181.5266,697691,105679
989,0.68542352,1994995.539,411640.7953,716205,108174
990,0.68535423,1997160.313,412153.2165,733915,110643
991,0.6852742,1999562.006,412724.909,747891,112294
992,0.68520662,2002144.876,413322.3421,768617,114898
993,0.68515708,2003803.559,413711.9523,785209,117133
994,0.68512552,2003102.44,413597.2519,801673,119162
995,0.68510575,1999592.992,412891.4189,818598,121328
996,0.68507298,1995821.502,412143.7491,836057,123590
997,0.68499919,1994879.288,412019.1799,852705,125715
998,0.68488243,1997828.638,412739.284,870846,128097
999,0.68476753,2002026.044,413715.8803,887729,130239
1000,0.68470186,2004498.252,414289.4026,904489,132447
1001,0.68469031,2004082.027,414214.386,921812,134654
1002,0.68469165,2001618.968,413704.0392,939165,137099
1003,0.68466536,1998085.443,412998.7108,956641,139378
1004,0.68460883,1994826.213,412378.715,968354,140867
1005,0.68454474,1993429.329,412150.7602,991171,143916
1006,0.68449282,1995059.38,412537.0958,1010976,146779
1007,0.68445032,1998293.589,413246.3018,1022694,148312
1008,0.6844059,2000741.678,413794.8824,1045839,151460
1009,0.68435023,2000789.713,413857.8714,1063867,153893
1010,0.68428069,1999290.722,413614.0289,1081063,156093
1011,0.68419621,1997578.879,413340.2789,1098932,158310
1012,0.68410082,1996474.318,413202.4707,1110927,159815
1013,0.68400702,1995927.315,413178.4909,1132591,162604
1014,0.68392738,1995772.433,413222.1929,1153072,165197
1015,0.6838601,1995214.484,413170.6736,1166782,166763
1016,0.68379002,1992878.573,412753.5515,1191754,169867
1017,0.68370381,1987734.763,411769.9217,1209980,172102
1018,0.68360899,1981728.319,410615.2971,1228178,174152
1019,0.68352384,1978249.707,409974.9003,1247003,176439
1020,0.68346311,1979467.392,410284.628,1266735,178723
1021,0.68342537,1982892.52,411030.2695,1285421,180933
1022,0.68340488,1984951.228,411476.4235,1305805,183436
1023,0.68338534,1983578.858,411210.4397,1324960,185620
1024,0.68333138,1979452.344,410405.9705,1343720,187749
1025,0.68320808,1973571.13,409302.7846,1363355,189894
1026,0.68303456,1967562.357,408219.6834,1383115,192122
1027,0.68288003,1963621.292,407547.0001,1403040,194369
1028,0.6828041,1963503.025,407593.7146,1413562,195397
1029,0.68277697,1965664.403,408067.8691,1440373,198365
1030,0.6827296,1967125.165,408415.6639,1463166,200993
1031,0.68262184,1965872.092,408256.789,1473714,201972
1032,0.68250273,1962873.453,407745.8703,1500637,205035
1033,0.68243768,1959649.38,407137.1139,1520167,207268
1034,0.68244228,1956946.58,406571.2773,1538019,209160
1035,0.68246243,1954443.891,406032.4799,1556594,211368
1036,0.6824431,1951775.242,405496.1184,1565836,212311
1037,0.68237986,1948953.04,404968.7542,1589144,215151
1038,0.68230067,1946230.442,404476.7728,1610305,217857
1039,0.68222762,1943797.569,404039.1164,1621238,219035
1040,0.68215436,1941555.813,403641.2299,1648308,222658
1041,0.68206698,1939328.393,403259.285,1665292,224991
1042,0.68196826,1936912.933,402848.585,1681502,227307
1043,0.68189055,1934061.86,402327.5859,1698456,229761
1044,0.68186606,1930557.619,401621.2766,1716005,232367
1045,0.68187769,1926695.51,400807.0933,1730884,234693
1046,0.6818703,1923162.915,400079.0194,1748153,237405
1047,0.68180094,1920474.228,399583.4952,1762766,239742
1048,0.68169384,1918234.387,399215.9049,1776365,242028
1049,0.68159397,1915769.338,398794.581,1790512,244297
1050,0.68152534,1912746.299,398228.2199,1803978,246255
1051,0.68147221,1909477.328,397596.264,1817188,248460
1052,0.68141506,1906328.082,396992.7593,1817857,248787
1053,0.68134423,1903394.291,396446.4449,1839436,251999
1054,0.68125772,1900563.751,395935.752,1855034,254454
1055,0.68115842,1897772.94,395444.7685,1854727,254704
1056,0.68107147,1895212.174,394990.2423,1875332,257752
1057,0.68102838,1893137.572,394597.0121,1885723,259631
1058,0.68103398,1891136.975,394174.9329,1894070,261203
1059,0.68104771,1887666.515,393439.1403,1902973,262943
1060,0.68102708,1881315.609,392134.069,1900339,263049
1061,0.68096146,1873552.709,390575.0172,1914000,265614
1062,0.68086151,1867731.015,389450.9963,1925411,267857
1063,0.68074227,1866029.785,389203.1135,1923601,268511
1064,0.68063039,1866202.887,389339.4984,1941490,271850
1065,0.68055379,1865036.698,389164.8329,1946892,273784
1066,0.68051348,1861099.584,388379.3513,1951190,275380
1067,0.68047643,1855253.354,387192.3706,1956398,277517
1068,0.68041225,1848559.91,385852.4636,1962508,279869
1069,0.68032976,1842461.024,384652.4871,1964937,282057
1070,0.68025666,1838572.599,383905.3102,1970486,284823
1071,0.68020967,1837441.735,383710.7014,1972977,287385
1072,0.68017762,1837039.328,383654.9767,1974665,290095
1073,0.68014543,1835070.373,383272.1792,1977112,293136
1074,0.68010494,1831186.234,382496.5953,1978901,296251
1075,0.68005395,1826669.652,381597.9809,1980266,299544
1076,0.67999164,1822635.039,380809.7638,1968464,301173
1077,0.67992232,1819235.828,380160.2296,1979427,306474
1078,0.67985168,1816350.112,379618.9533,1983808,310803
1079,0.67978465,1813338.317,379047.9795,1971869,313052
1080,0.67972502,1808845.309,378160.7164,1982593,318689
1081,0.67967618,1801854.393,376741.5434,1983870,323060
1082,0.67964042,1794327.352,375198.6398,1984318,326986
1083,0.67961972,1789586.168,374225.0816,1987262,331592
1084,0.67961214,1788971.656,374103.1086,1980643,334369
1085,0.67960692,1789520.997,374222.4809,1993615,340134
1086,0.67959246,1787905.731,373897.1481,2006389,345998
1087,0.67956195,1783343.166,372969.1986,2008129,349671
1088,0.67951189,1776825.673,371648.9708,2032256,356957
1089,0.67944372,1769594.171,370194.4993,2045204,362238
1090,0.67937526,1763578.356,368994.1682,2059475,367562
1091,0.67932779,1760740.164,368440.5968,2076562,373429
1092,0.67931562,1760680.717,368438.4859,2097329,379697
1093,0.67934575,1760696.282,368416.1823,2114667,385533
1094,0.67941365,1758599.639,367919.9436,2137395,392062
1095,0.67946295,1755015.252,367128.3659,2156484,398058
1096,0.67942383,1751353.683,366395.4136,2174636,403624
1097,0.67930391,1748260.612,365849.3281,2193335,409433
1098,0.67921114,1745401.098,365328.9671,2210746,414596
1099,0.67923811,1742442.387,364687.0267,2226924,419697
1100,0.67934104,1739455.76,363975.6679,2228536,421861
1101,0.67942492,1736662.579,363321.0239,2253018,428214
1102,0.67944318,1734167.533,362783.7848,2270833,433511
1103,0.67942726,1731889.688,362320.5532,2269457,435012
1104,0.67941241,1729702.12,361875.2742,2293333,441291
1105,0.67940901,1727254.773,361366.0852,2305276,445356
1106,0.67941606,1724100.233,360700.2525,2315924,449030
1107,0.67943865,1720272.327,359880.7012,2326853,452931
1108,0.67949325,1716698.214,359087.8493,2325167,454163
1109,0.67959255,1714257.846,358495.4061,2342529,459179
1110,0.67970454,1712561.997,358048.4204,2357110,463488
1111,0.67977419,1710565.532,357573.6674,2355918,464763
1112,0.67978323,1707759.289,356979.6263,2377485,470390
1113,0.67978909,1704739.958,356343.6714,2383230,472868
1114,0.67985186,1702175.483,355756.1973,2387540,474806
1115,0.67996512,1700125.841,355235.1612,2392571,476821
1116,0.68008541,1698314.649,354758.4496,2399509,479180
1117,0.68018654,1696635.726,354325.225,2399788,480057
1118,0.68028013,1695350.891,353980.609,2404935,481966
1119,0.68038207,1694648.8,353750.9655,2405460,482773
1120,0.68050307,1693562.83,353425.7974,2404761,483042
1121,0.68065121,1690490.697,352664.361,2405231,483710
1122,0.68082619,1685286.722,351437.1027,2405001,484147
1123,0.68100856,1680833.501,350361.305,2403926,484297
1124,0.68117875,1679966.804,350043.4473,2388872,481683
1125,0.68135009,1681711.455,350268.7537,2398134,483806
1126,0.6815544,1683081.334,350389.1914,2399869,484450
1127,0.68179978,1682298.426,350028.3836,2382357,481018
1128,0.6820467,1679926.275,349336.1463,2390131,482582
1129,0.68225911,1676853.628,348526.6935,2385344,481699
1130,0.6824756,1674458.579,347855.4464,2378093,480244
1131,0.68276948,1674332.99,347594.0699,2371233,478871
1132,0.68315866,1676664.411,347766.2968,2351788,475000
1133,0.68357023,1679295.419,347982.0724,2351655,474977
1134,0.68393803,1680216.578,347878.2209,2347868,474033
1135,0.68428341,1679843.441,347524.4795,2330404,470444
1136,0.68466095,1679553.061,347162.4807,2335637,471430
1137,0.68508825,1680093.421,346932.6586,2325756,469349
1138,0.68553243,1681337.039,346834.547,2315199,467004
1139,0.68596375,1682923.232,346817.1423,2306252,465081
1140,0.6863876,1683625.621,346623.4389,2300056,463547
1141,0.68682151,1682025.775,345948.2478,2286518,460920
1142,0.68727535,1679020.272,344969.4097,2278544,459142
1143,0.68774727,1678046.002,344394.8091,2266344,456736
1144,0.68823439,1681412.093,344698.8043,2253540,453962
1145,0.68874587,1686633.535,345362.2503,2241487,451570
1146,0.68929604,1690221.182,345658.7042,2228990,448897
1147,0.68987845,1690997.275,345353.9764,2215674,445980
1148,0.69046676,1689698.229,344621.5136,2190164,440691
1149,0.69104661,1687527.558,343719.5704,2185213,439640
1150,0.69163855,1686793.519,343102.0994,2173296,436952
1151,0.69226425,1689671.428,343192.6781,2144878,430942
1152,0.69292459,1695044.117,343760.8506,2138438,429204
1153,0.69361235,1699859.536,344191.9321,2120957,425267
1154,0.6943157,1702529.839,344174.7673,2103467,421199
1155,0.69500706,1704217.026,343967.8389,2088363,417501
1156,0.69566469,1706201.218,343847.2534,2065984,412335
1157,0.69632922,1708609.813,343806.1785,2062876,410740
1158,0.69706492,1711120.524,343728.6101,2058829,408944
1159,0.69786908,1713679.554,343605.8418,2045112,405339
1160,0.69865591,1716563.986,343561.1796,2050884,405136
1161,0.69936484,1719980.306,343683.4592,2043099,402104
1162,0.70005677,1723776.695,343893.7109,2032655,398425
1163,0.7008165,1727701.317,344074.2471,2022454,394688
1164,0.70163232,1731321.445,344148.1096,2014431,391342
1165,0.70241757,1734064.41,344070.6719,1998642,386644
1166,0.70312448,1735940.446,343882.7149,1988347,383003
1167,0.70379801,1738330.414,343822.5214,1975024,378662
1168,0.70448795,1742526.049,344105.2703,1960238,374603
1169,0.70519377,1747571.276,344541.1747,1947466,370941
1170,0.70589416,1751476.137,344754.599,1934852,367822
1171,0.70657809,1753712.527,344651.6095,1921876,364862
1172,0.70724439,1755767.284,344526.4446,1900231,360353
1173,0.70789118,1758907.115,344628.9245,1896453,359523
1174,0.70851962,1762857.593,344903.51,1887123,357831
1175,0.70913405,1766976.725,345220.6611,1865672,354100
1176,0.70976034,1771209.097,345548.8819,1862869,354047
1177,0.71044019,1775958.238,345933.4478,1851490,352402
1178,0.71117471,1780917.906,346313.3133,1839368,350922
1179,0.71187722,1784182.444,346387.3683,1828951,349732
1180,0.71246953,1784214.409,345921.4617,1811238,347268
1181,0.71299452,1783537.651,345372.5075,1806465,347326
1182,0.71354062,1786289.392,345470.684,1799592,347106
1183,0.71413699,1793000.051,346292.6806,1784440,345309
1184,0.71474924,1799951.104,347145.4395,1784428,346342
1185,0.71534845,1804192.799,347483.7498,1774936,345849
1186,0.71592106,1806146.749,347401.7298,1764550,345034
1187,0.71645706,1806996.912,347136.5547,1755810,344526
1188,0.71696705,1808585.833,347034.0398,1750242,344721
1189,0.71747265,1813126.846,347500.5869,1739084,343853
1190,0.71797485,1820824.57,348572.6068,1733651,344098
1191,0.71844595,1828639.194,349689.0863,1725379,343977
1192,0.71886997,1833995.657,350371.1461,1716549,343561
1193,0.719282,1837809.686,350766.8438,1710067,343772
1194,0.71972551,1841925.889,351193.6359,1704488,343939
1195,0.72017729,1847034.221,351801.4744,1698787,344123
1196,0.72056321,1852911.332,352607.4074,1687229,343045
1197,0.72085044,1858754.381,353485.4659,1689962,344737
1198,0.72109193,1862630.54,354025.7008,1688537,345569
1199,0.7213415,1863258.424,353941.5904,1678027,344397
1200,0.72159526,1863924.553,353861.2976,1683116,346335
1201,0.72182676,1869312.651,354695.1002,1681465,346832
1202,0.72201346,1879150.306,356408.5058,1679571,347285
1203,0.72213969,1888539.878,358085.2789,1679588,347992
1204,0.7222012,1894076.337,359084.187,1674045,347616
1205,0.72221602,1896319.471,359497.176,1679269,349159
1206,0.72220002,1896641.88,359571.5426,1682926,350403
1207,0.72213724,1897994.926,359880.0783,1680199,350192
1208,0.72200072,1903812.518,361096.653,1691440,352892
1209,0.72179604,1913654.599,363134.5002,1695104,353907
1210,0.72155994,1923122.972,365129.6667,1698704,354860
1211,0.72131638,1929378.103,366522.7722,1703963,356173
1212,0.7210591,1934006.764,367619.7967,1711108,357695
1213,0.72077293,1939024.483,368816.5206,1715955,358915
1214,0.72040638,1944593.907,370188.174,1725034,360898
1215,0.71989641,1950109.789,371674.4006,1731436,362229
1216,0.71926958,1955485.205,373237.2244,1737535,363520
1217,0.71864399,1961172.989,374862.4314,1745002,365249
1218,0.71807342,1967426.242,376552.0719,1752764,366665
1219,0.71744269,1973932.312,378346.3653,1760653,368405
1220,0.71663936,1980277.799,380265.3514,1761699,368624
1221,0.71573162,1985961.52,382154.6994,1777326,371750
1222,0.71485433,1990497.661,383802.0957,1789322,374184
1223,0.71405056,1994533.273,385292.6515,1790196,374350
1224,0.71327793,1999817.327,387001.2746,1807585,377907
1225,0.71250094,2006940.172,389075.1423,1817389,379813
1226,0.71170067,2013721.526,391109.8397,1826533,381571
1227,0.71086266,2018106.831,392718.6228,1836486,383551
1228,0.71000319,2021065.47,394073.4644,1839019,383989
1229,0.70915175,2024582.774,395533.9657,1853844,386908
1230,0.70832384,2029108.469,397174.5559,1865855,389313
1231,0.70752048,2033776.981,398825.434,1867841,389471
1232,0.70674274,2038164.785,400402.288,1885865,393065
1233,0.70599524,2042796.355,402003.4994,1893699,394708
1234,0.70528117,2047797.417,403650.8023,1900413,395909
1235,0.70459049,2050852.784,404896.472,1908186,397347
1236,0.70390956,2049309.007,405226.5462,1916468,398919
1237,0.70326961,2045671.573,405103.7823,1922939,400035
1238,0.70273905,2046005.471,405665.1874,1932752,402071
1239,0.7023277,2052106.938,407260.4976,1939972,403368
1240,0.7019438,2059001.812,408990.2292,1946165,404465
1241,0.70150902,2062447.849,410085.072,1953599,405857
1242,0.70103476,2063004.37,410643.9142,1960802,407363
1243,0.70055396,2062430.634,410984.4522,1967100,408404
1244,0.70010253,2063471.568,411619.5209,1963289,407498
1245,0.69971815,2069288.987,413145.4736,1976885,409918
1246,0.6994009,2079520.527,415491.6628,1984718,411424
1247,0.6991041,2089673.059,417805.5852,1978271,409978
1248,0.69879538,2096805.734,419529.8017,1991948,412578
1249,0.69849012,2102608.75,420986.6705,1995825,413195
1250,0.69821015,2109240.391,422586.8031,1998040,413410
1251,0.69796432,2117183.557,424418.3853,2000634,413769
1252,0.69775523,2126195.191,426430.1476,1993471,412167
1253,0.69756845,2134537.948,428287.5323,2000476,413472
1254,0.69737545,2139271.325,429428.0569,2003740,414112
1255,0.69716921,2140701.057,429919.1757,1994691,411956
1256,0.69698309,2144910.403,430949.1827,2003305,413637
1257,0.69684282,2156263.878,433370.2454,1999763,412772
1258,0.69672097,2170017.078,436256.7689,1993414,411287
1259,0.69658233,2179734.653,438350.2937,1987623,410066
1260,0.69644874,2184275.622,439398.6328,1981712,408543
1261,0.69637204,2185463.364,439715.2109,1973682,406947
1262,0.69635375,2186387.443,439919.6656,1968671,405730
1263,0.69633718,2191546.514,440974.5362,1961061,403988
1264,0.69628288,2202676.825,443269.5488,1953335,402306
1265,0.69619982,2214660.342,445766.3832,1946483,400788
1266,0.69610231,2222498.07,447444.4105,1939100,399245
1267,0.6959994,2227323.499,448522.1544,1931234,397424
1268,0.69589998,2232168.708,449600.7639,1911442,393317
1269,0.69582766,2237822.495,450814.5997,1909603,392741
1270,0.69581512,2243483.073,451967.9918,1900006,390850
1271,0.69584732,2248786.475,453002.8193,1873193,385248
1272,0.69584116,2254048.629,454069.2818,1864397,383235
1273,0.69575229,2259555.187,455271.7069,1843012,378675
1274,0.69566684,2265341.357,456527.3633,1816863,373218
1275,0.69567267,2271298.379,457721.7175,1789142,367218
1276,0.6957121,2276668.825,458762.3365,1749941,359030
1277,0.69567629,2280529.45,459578.1692,1723156,353137
1278,0.69558301,2283652.976,460306.4963,1691958,346447
1279,0.69555353,2288201.293,461254.5835,1648651,337150
1280,0.69561629,2294591.883,462475.9596,1620159,331078
1281,0.69564283,2300294.627,463597.0185,1579586,322490
1282,0.69554271,2303488.708,464347.7888,1535457,313252
1283,0.695401,2305716.49,464948.5585,1489373,303280
1284,0.69532308,2308965.941,465687.3533,1440377,292899
1285,0.69528919,2313200.158,466577.7495,1386289,281629
1286,0.6952269,2317519.828,467516.0851,1330551,269892
1287,0.69512974,2321993.048,468523.2771,1270035,257410
1288,0.69504945,2327532.722,469727.8907,1207180,244267
1289,0.69501046,2333340.111,470942.1724,1142793,231014
1290,0.69498702,2335606.326,471425.016,1076740,217488
1291,0.69495691,2332488.177,470828.2796,1009338,203876
1292,0.69492779,2330094.878,470376.7128,934246,188462
1293,0.69491032,2335004.228,471386.7246,865271,174310
1294,0.69488631,2344244.545,473278.3098,787793,158554
1295,0.69482686,2350780.557,474662.8408,698726,140672
1296,0.69474493,2352386.278,475076.6785,614152,123478
1297,0.6946898,2351077.597,474872.6599,522880,105077
1298,0.69468455,2349683.345,474596.7833,431263,86619
1299,0.69470626,2352145.774,475070.3997,344099,69166
1300,0.69473187,2360467.441,476723.0448,262704,52847
1301,0.69475288,2369920.747,478609.0848,194634,39149
1302,0.69476478,2375283.746,479679.007,138021,27717
1303,0.69476777,2377388.035,480100.6591,93805,18809
1304,0.69476439,2379463.341,480523.4931,63634,12870
1305,0.69476499,2382741.921,481184.9317,43449,8773
1306,0.69478568,2386839.076,481989.3659,31264,6446
1307,0.69482441,2390230.731,482631.2205,24505,5053
1308,0.69485229,2389776.7,482508.5711,20417,4001
1309,0.69485209,2384827.009,481509.421,18177,3760
1310,0.69484541,2382151.185,480976.5642,16950,3435
1311,0.69485905,2387902.179,482122.5962,15934,3331
1312,0.69490982,2397318.215,483967.1245,15298,3143
1313,0.69500851,2402294.223,484861.4791,14605,2903
1314,0.69513414,2400928.538,484445.6917,14170,2819
1315,0.69524517,2395517.436,483230.305,13846,2822
1316,0.6953387,2389856.939,481984.6509,13394,2775
1317,0.69545952,2389465.091,481771.5734,12945,2617
1318,0.69562789,2396255.9,482953.4829,12633,2663
1319,0.69580434,2403767.948,484270.7042,12205,2568
1320,0.69595515,2406151.911,484582.6839,,
1321,0.69609878,2405270.169,484244.9343,,
1322,0.69626484,2404743.912,483953.8945,,
1323,0.69646429,2405084.79,483800.2654,,
1324,0.69669751,2405224.026,483568.5216,,
1325,0.69693936,2404927.222,483239.6661,,
1326,0.69714084,2404755.824,482981.1087,,
1327,0.69729575,2405011.288,482860.1513,,
1328,0.69747225,2405503.472,482762.736,,
1329,0.69772451,2405842.309,482550.3613,,
1330,0.69804041,2405159.72,482062.6867,,
1331,0.69839452,2402835.532,481204.3333,,
1332,0.69875666,2400311.723,480298.2289,,
1333,0.69909693,2399580.115,479775.7814,,
1334,0.69942633,2399879.647,479471.868,,
1335,0.69978438,2398643.235,478829.9204,,
1336,0.70018353,2395341.135,477731.4565,,
1337,0.70060132,2391910.794,476588.6134,,
1338,0.70101975,2389540.03,475657.7263,,
1339,0.70143744,2387524.64,474799.6837,,
1340,0.70186177,2385256.818,473885.449,,
1341,0.70232408,2383448.492,473022.3834,,
1342,0.70285356,2382676.852,472293.0875,,
1343,0.70342399,2380100.176,471163.0733,,
1344,0.70399023,2371767.534,468901.7907,,
1345,0.70455804,2360598.032,466083.7912,,
1346,0.70516661,2354826.187,464293.1186,,
1347,0.70581345,2356099.389,463852.7709,,
1348,0.70644914,2356849.841,463321.8445,,
1349,0.70705566,2351810.12,461685.8838,,
1350,0.70768271,2342836.364,459260.6574,,
1351,0.70837058,2332984.096,456605.5598,,
1352,0.70908012,2325976.392,454490.887,,
1353,0.70975608,2324956.359,453585.0458,,
1354,0.71042687,2326767.412,453237.7806,,
1355,0.71116396,2325438.892,452210.8424,,
1356,0.71195616,2320011.695,450333.2462,,
1357,0.71271617,2313756.503,448333.7969,,
1358,0.71341892,2308662.481,446623.4575,,
1359,0.7141383,2304690.719,445117.1712,,
1360,0.71491932,2300770.441,443561.6266,,
1361,0.71571571,2293668.707,441382.3699,,
1362,0.71648472,2281627.673,438288.4809,,
1363,0.71724434,2270865.927,435458.8804,,
1364,0.71801988,2268475.95,434224.4791,,
1365,0.71882709,2270701.445,433843.3506,,
1366,0.71968557,2268870.804,432637.5388,,
1367,0.72057149,2260443.308,430152.1801,,
1368,0.72141714,2247976.079,426947.5673,,
1369,0.72220748,2235296.681,423767.5479,,
1370,0.72300356,2227747.477,421562.9138,,
1371,0.72385186,2227146.014,420626.6909,,
1372,0.72476686,2226931.315,419700.9633,,
1373,0.72575051,2221328.283,417697.8439,,
1374,0.72673265,2212477.51,415093.7686,,
1375,0.727638,2204047.98,412651.1396,,
1376,0.72854461,2196335.115,410349.5788,,
1377,0.72959174,2188223.527,407849.5121,,
1378,0.73075431,2179574.022,405151.3736,,
1379,0.731885,2170957.561,402500.417,,
1380,0.73295596,2162638.652,399970.5326,,
1381,0.73409115,2154493.538,397423.9571,,
1382,0.7353437,2146148.713,394744.5264,,
1383,0.73660407,2136784.104,391883.1343,,
1384,0.73779589,2126113.668,388857.6014,,
1385,0.73902063,2115808.533,385883.0797,,
1386,0.74038433,2107462.326,383155.8779,,
1387,0.74180614,2099850.162,380524.1014,,
1388,0.74315531,2090957.945,377737.4018,,
1389,0.74446933,2081140.902,374828.1104,,
1390,0.74588011,2072114.21,371991.9793,,
1391,0.74740131,2064337.929,369300.1448,,
1392,0.748932,2057053.504,366702.2636,,
1393,0.75043695,2050122.531,364202.4548,,
1394,0.75199033,2044441.022,361896.3969,,
1395,0.75363628,2039724.538,359695.6968,,
1396,0.75532533,2032474.105,357025.8739,,
1397,0.75702264,2020520.975,353541.7656,,
1398,0.75877423,2009521.046,350201.7627,,
1399,0.76062352,2005914.787,348087.9233,,
1400,0.76258077,2006559.983,346634.1729,,
1401,0.76466134,2004451.317,344614.9973,,
1402,0.7668189,1998059.204,341813.6914,,
1403,0.76894664,1989812.027,338739.1652,,
1404,0.77103776,1982807.996,335925.4453,,
1405,0.77320249,1980767.985,333911.3007,,
1406,0.77550147,1984133.427,332712.7216,,
1407,0.77792402,1987436.951,331412.8441,,
1408,0.78044293,1986763.041,329384.4879,,
1409,0.78293731,1984434.599,327114.2623,,
1410,0.78530164,1983332.635,325157.6082,,
1411,0.78766771,1983658.041,323443.9962,,
1412,0.79021271,1984626.92,321711.1887,,
1413,0.79284682,1983965.457,319659.2544,,
1414,0.79537299,1979064.524,317020.222,,
1415,0.79783276,1973007.034,314264.8964,,
1416,0.80041982,1972992.235,312396.0689,,
1417,0.803116,1979433.923,311476.3036,,
1418,0.80569683,1984677.581,310451.0526,,
1419,0.80807874,1983969.446,308642.8604,,
1420,0.81040247,1978688.41,306178.6734,,
1421,0.81278135,1971720.677,303433.8603,,
1422,0.81518512,1968425.485,301254.7207,,
1423,0.81753909,1972675.648,300273.216,,
1424,0.81979445,1979292.826,299719.9115,,
1425,0.82194389,1981418.329,298560.4587,,
1426,0.8240096,1979694.324,296885.1908,,
1427,0.82600751,1978039.638,295275.5445,,
1428,0.82794743,1977419.985,293867.454,,
1429,0.82984431,1976695.054,292479.4553,,
1430,0.8317017,1975496.748,291054.7038,,
1431,0.83350581,1974344.913,289679.134,,
1432,0.83524388,1973528.237,288402.7981,,
1433,0.83690922,1972879.498,287204.5691,,
1434,0.83849575,1972072.952,286040.3022,,
1435,0.83999687,1970488.15,284824.2457,,
1436,0.84141697,1967822.393,283510.3552,,
1437,0.84279849,1965232.819,282238.0184,,
1438,0.84417544,1963916.376,281156.1264,,
1439,0.84548414,1962982.126,280176.8238,,
1440,0.84663813,1960880.758,279134.2011,,
1441,0.84768702,1957799.581,278023.309,,
1442,0.84875273,1954924.06,276934.5661,,
1443,0.84980515,1952568.494,275931.4038,,
1444,0.85068076,1950267.118,275051.0702,,
1445,0.85138142,1948056.018,274296.3485,,
1446,0.85213525,1946662.043,273624.7089,,
1447,0.85303553,1945413.789,272882.9881,,
1448,0.85387869,1940786.646,271705.9229,,
1449,0.85452511,1931471.043,269999.5842,,
1450,0.85512176,1923797.137,268557.6402,,
1451,0.85581261,1923314.518,268063.5118,,
1452,0.85650122,1925364.291,267924.0439,,
1453,0.85705521,1923235.395,267286.6312,,
1454,0.8575276,1916714.944,266090.8441,,
1455,0.85803819,1908495.68,264638.4769,,
1456,0.85856772,1901870.385,263398.4367,,
1457,0.85900772,1900282.431,262912.0142,,
1458,0.85935603,1902382.899,262991.6172,,
1459,0.85971646,1902385.333,262773.7811,,
1460,0.86012311,1898173.059,261946.5567,,
1461,0.86050393,1892857.358,260984.0423,,
1462,0.86082674,1888677.371,260214.2248,,
1463,0.86115938,1885403.603,259564.2954,,
1464,0.86153782,1881953.768,258863.6842,,
1465,0.86186811,1875601.391,257793.7784,,
1466,0.86206889,1864934.79,256209.2256,,
1467,0.86221665,1855609.709,254841.4024,,
1468,0.86241534,1853690.057,254461.32,,
1469,0.86266456,1855148.81,254515.4743,,
1470,0.86292597,1852458.225,253993.4106,,
1471,0.86318075,1844180.098,252710.0877,,
1472,0.86341928,1832560.16,250979.9129,,
1473,0.86363051,1821632.568,249361.9977,,
1474,0.86380283,1816695.7,248587.5406,,
1475,0.86397427,1817297.597,248571.7558,,
1476,0.86424285,1816267.292,248277.2435,,
1477,0.86460563,1810225.084,247244.6741,,
1478,0.86488153,1802653.786,246054.208,,
1479,0.86497911,1796212.805,245119.9598,,
1480,0.86506772,1790147.001,244242.3548,,
1481,0.86530051,1783572.114,243214.8895,,
1482,0.86564209,1776804.272,242101.509,,
1483,0.8660207,1770298.985,241004.9292,,
1484,0.86638653,1763962.993,239940.1591,,
1485,0.86670436,1757513.912,238888.042,,
1486,0.8669967,1750512.068,237776.2155,,
1487,0.86730752,1742546.503,236524.8929,,
1488,0.8676326,1734241.357,235221.4592,,
1489,0.86793812,1726766.57,234042.9204,,
1490,0.86820934,1719937.423,232971.772,,
1491,0.86844897,1712472.197,231832.6285,,
1492,0.86865783,1704089.456,230586.8627,,
1493,0.8688332,1695668.555,229354.7625,,
1494,0.86897974,1687654.061,228193.7224,,
1495,0.86911438,1679728.69,227051.7024,,
1496,0.86924098,1671826.703,225917.7118,,
1497,0.86933264,1664544.617,224886.1964,,
1498,0.86937458,1657657.633,223934.1121,,
1499,0.86940001,1648326.584,222660.536,,
1500,0.86942436,1634888.786,220832.938,,
1501,0.86935258,1622296.784,219168.2959,,
1502,0.8690983,1615642.754,218397.1857,,
1503,0.8687909,1611503.925,217991.9574,,
1504,0.86860373,1604166.999,217093.0137,,
1505,0.86847669,1593167.24,215667.4846,,
1506,0.86825164,1580593.265,214076.251,,
1507,0.86792291,1569375.141,212717.8116,,
1508,0.86758363,1562688.031,211976.9584,,
1509,0.86728095,1559075.573,211634.3765,,
1510,0.86701513,1553376.905,210989.9229,,
1511,0.86672812,1544246.868,209888.4854,,
1512,0.86630501,1534573.464,208777.0086,,
1513,0.86574893,1525989.783,207875.2068,,
1514,0.86523422,1518050.21,207038.8835,,
1515,0.86482496,1509589.046,206079.0177,,
1516,0.86435306,1498411.375,204775.5045,,
1517,0.86372035,1484454.482,203163.8982,,
1518,0.86307556,1473053.506,201903.0887,,
1519,0.86255763,1467661.743,201404.1161,,
1520,0.86211888,1463255.376,201002.404,,
1521,0.86166373,1454512.223,200010.8932,,
1522,0.86108301,1441855.203,198535.7128,,
1523,0.8603086,1427503.624,196910.3847,,
1524,0.85952592,1415306.871,195580.1133,,
1525,0.85897452,1408747.938,194921.0638,,
1526,0.85856558,1404610.664,194531.6991,,
1527,0.85807661,1397316.415,193739.4888,,
1528,0.85749507,1386993.153,192565.8407,,
1529,0.85692552,1376790.199,191400.1383,,
1530,0.85636655,1367481.567,190350.9005,,
1531,0.85574141,1358184.453,189329.0888,,
1532,0.85506925,1348687.741,188296.4628,,
1533,0.85445453,1339386.496,187262.7447,,
1534,0.8539112,1330383.115,186236.8097,,
1535,0.8533508,1321441.664,185223.9711,,
1536,0.8527618,1312303.547,184192.7358,,
1537,0.85224347,1302707.812,183064.2519,,
1538,0.85182843,1292761.884,181840.2857,,
1539,0.85142579,1283168.053,180658.2281,,
1540,0.85095891,1274196.961,179588.1393,,
1541,0.85040377,1265155.297,178541.8668,,
1542,0.8497832,1255613.234,177448.6419,,
1543,0.84922327,1246055.828,176325.1385,,
1544,0.84878997,1236887.893,175202.5274,,
1545,0.84831381,1227873.255,174116.4194,,
1546,0.84766203,1218834.586,173094.2908,,
1547,0.84700992,1210234.751,172131.2427,,
1548,0.84653839,1202206.501,171175.1348,,
1549,0.84612158,1192796.951,169998.4409,,
1550,0.84558473,1180401.792,168439.959,,
1551,0.84498026,1168304.294,166945.8827,,
1552,0.84443037,1160432.074,166031.0646,,
1553,0.84395017,1154516.435,165367.4179,,
1554,0.8435045,1146361.367,164367.9137,,
1555,0.84306247,1135674.702,163001.4555,,
1556,0.84260521,1124035.563,161500.8603,,
1557,0.84218168,1113602.663,160157.9797,,
1558,0.84186773,1106508.369,159252.761,,
1559,0.84159009,1101203.702,158590.6475,,
1560,0.84118926,1094104.347,157713.7236,,
1561,0.84067874,1084965.954,156580.39,,
1562,0.84019832,1075855.409,155437.4225,,
1563,0.8398137,1067533.555,154371.7542,,
1564,0.83952283,1059631.293,153331.6994,,
1565,0.83928718,1051016.764,152167.6953,,
1566,0.83903691,1040026.669,150663.3309,,
1567,0.83874225,1028041.279,149028.1484,,
1568,0.83842277,1019388.875,147882.6161,,
1569,0.83815561,1014216.104,147222.7398,,
1570,0.8380683,1007908.334,146336.5245,,
1571,0.83809676,998272.9062,144928.0743,,
1572,0.83793759,986439.4015,143262.5985,,
1573,0.83751393,974549.5764,141673.9514,,
1574,0.83709346,965777.7677,140534.7565,,
1575,0.8367863,960394.4558,139850.2809,,
1576,0.83641559,954342.9059,139087.7427,,
1577,0.83595183,945700.2122,137975.3969,,
1578,0.83564885,936449.2167,136721.0484,,
1579,0.83555723,927865.7437,135496.4471,,
1580,0.835321,919448.4487,134340.3209,,
1581,0.83478332,910847.6777,133248.5322,,
1582,0.83423739,902294.2942,132163.2845,,
1583,0.83384656,893952.5654,131059.321,,
1584,0.83342091,885744.8324,129983.3483,,
1585,0.83285141,877480.8003,128939.5671,,
1586,0.83228003,868802.5484,127832.4327,,
1587,0.83179342,859684.9527,126632.7124,,
1588,0.83129605,850825.9749,125471.3858,,
1589,0.83072335,842559.2758,124416.253,,
1590,0.83012775,834260.4194,123359.8658,,
1591,0.82955335,825543.6801,122232.5039,,
1592,0.82899378,816801.2634,121093.9976,,
1593,0.82840883,808319.1047,119998.0012,,
1594,0.82769599,799930.7719,118947.7999,,
1595,0.82686405,791578.7735,117931.5734,,
1596,0.82619396,783571.2428,116918.8497,,
1597,0.82578631,775681.1044,115850.2314,,
1598,0.82524676,766422.7975,114609.7732,,
1599,0.82432157,755582.1968,113229.6461,,
1600,0.82324013,745999.2764,112072.2988,,
1601,0.82227258,739026.816,111272.4408,,
1602,0.8215939,732117.6289,110404.5478,,
1603,0.82120402,723452.8055,109195.8637,,
1604,0.82078636,713652.5013,107820.274,,
1605,0.82016044,703867.3834,106495.2899,,
1606,0.81950263,695692.7409,105418.0168,,
1607,0.818871,689381.6501,104613.7367,,
1608,0.8180099,682673.4174,103801.3711,,
1609,0.81690577,674435.0932,102809.7707,,
1610,0.81604442,665901.41,101710.4362,,
1611,0.81561987,657900.2612,100586.6148,,
1612,0.81524829,650241.2981,99500.72733,,
1613,0.81468685,642315.9738,98415.13067,,
1614,0.8139917,633076.315,97154.8225,,
1615,0.8132289,623084.3594,95789.51018,,
1616,0.81245564,615017.8009,94717.89782,,
1617,0.8117202,609087.7423,93963.60252,,
1618,0.81104121,602421.7946,93080.66164,,
1619,0.81045546,593832.2773,91877.32413,,
1620,0.81002848,584172.4855,90471.67253,,
1621,0.80968076,574847.6607,89098.83225,,
1622,0.80919417,567560.4044,88067.95569,,
1623,0.80855553,561725.3954,87290.81049,,
1624,0.80791895,554979.838,86369.07346,,
1625,0.80728519,547076.7662,85263.48473,,
1626,0.80655268,539262.154,84187.43124,,
1627,0.80574215,531794.2659,83176.66529,,
1628,0.80495565,524325.7076,82157.17556,,
1629,0.80431397,516798.3338,81097.43891,,
1630,0.80391321,509311.9179,79996.43423,,
1631,0.80357199,501968.9067,78905.05442,,
1632,0.80302189,494804.2243,77877.41106,,
1633,0.80226598,487458.7886,76854.96356,,
1634,0.80145753,479617.3847,75759.55006,,
1635,0.80098368,471819.0888,74609.10464,,
1636,0.80108846,464599.6094,73449.76002,,
1637,0.80115888,457587.3803,72329.44968,,
1638,0.80067419,450396.6633,71272.33348,,
1639,0.80004026,443187.1319,70233.91643,,
1640,0.79961447,436094.6006,69177.71989,,
1641,0.79922524,428991.2455,68111.93096,,
1642,0.7987488,421894.358,67058.66697,,
1643,0.79828777,415116.8786,66051.49111,,
1644,0.79795225,408415.3278,65035.39538,,
1645,0.79782154,400826.6952,63846.207,,
1646,0.79786233,392710.2613,62547.49492,,
1647,0.79793062,385698.7655,61421.10514,,
1648,0.79803982,379635.8182,60440.40396,,
1649,0.79831293,373062.6393,59356.57489,,
1650,0.79859602,365693.6313,58146.20529,,
1651,0.79862816,357976.4814,56914.94718,,
1652,0.79865345,350645.1044,55746.07899,,
1653,0.79902349,344246.7848,54682.25391,,
1654,0.79946077,337915.0333,53622.46177,,
1655,0.79964995,330769.9398,52465.77443,,
1656,0.79982994,323216.8949,51246.48893,,
1657,0.80022524,315727.8259,50013.54218,,
1658,0.80073267,308347.0658,48787.34102,,
1659,0.80128162,300785.0378,47530.74376,,
1660,0.8019355,292371.3546,46131.68544,,
1661,0.80264472,283473.5553,44654.76757,,
1662,0.80323322,275461.5155,43333.89336,,
1663,0.80402734,268012.6805,42085.06539,,
1664,0.80562676,259712.9622,40631.87489,,
1665,0.80724211,250432.6004,39034.5116,,
1666,0.80774529,240708.88,37475.44699,,
1667,0.80859158,231276.7499,35936.88251,,
1668,0.81110118,222530.4448,34378.60579,,
1669,0.8128317,213662.7386,32877.37161,,
1670,0.8124967,204193.9673,31444.60941,,
1671,0.81316626,194673.9458,29932.40212,,
1672,0.81571424,185374.5305,28335.82223,,
1673,0.81721931,176116.3409,26827.50872,,
1674,0.81768597,166906.5959,25397.29886,,
1675,0.81969864,157902.2237,23916.05841,,
1676,0.82270911,149193.8978,22440.98696,,
1677,0.82474239,140794.2261,21078.63353,,
1678,0.82598634,132522.8679,19783.56194,,
1679,0.8275088,124320.1344,18494.07747,,
1680,0.83075598,116521.8774,17204.87391,,
1681,0.83511467,109221.898,15965.96029,,
1682,0.83648327,102128.4305,14882.07158,,
1683,0.83564262,95274.018,13910.15138,,
1684,0.83798319,88928.39149,12913.89491,,
1685,0.8418079,83054.76671,11955.19489,,
1686,0.84268038,77508.8067,11134.49881,,
1687,0.84354232,72267.30491,10360.94897,,
1688,0.8471331,67338.59416,9574.82716,,
1689,0.84992761,62735.92057,8863.161602,,
1690,0.85008468,58449.76995,8254.639837,,
1691,0.84957479,54449.81678,7698.775156,,
1692,0.85090716,50744.24584,7152.858564,,
1693,0.85593888,47346.77739,6597.076888,,
1694,0.86109007,44194.72125,6085.276651,,
1695,0.86269328,41233.41261,5656.606853,,
1696,0.86304789,38472.17592,5273.498884,,
1697,0.86439044,35907.86621,4906.80908,,
1698,0.86731551,33523.84115,4550.281441,,
1699,0.87123998,31390.71274,4222.417728,,
1700,0.87471657,29570.72175,3945.893487,,
