Batch Number,B2600069,,,,
Category,Pet Food,,,,
Specie,Dog,,,,
Family,Healthcare,,,,
Brand,PETFLAKES,,,,
Product Code,DDF100001,,,,
Product name,PETFLAKES Maintenance - Adult Dog 10 Kg,,,,
NIR-Code,M20260209-00094,,,,
Serial Number:,5B25203,,,,
Scan Config Name:,IAS5100,,,,
Scan Config Type:,2,,,,
Start wavelength in nm:,900,,,,
End wavelength in nm:,1700,,,,
Pattern Pixel Width:,13,,,,
Exposure Time:,0,,,,
Measurement points:,105,,,,
Number of Measurement points:,801,,,,
Num Repeats:,90,90,,,
PGA Gain:,64,64,,,
Wavelength,Absorbance,Reference Signal,Sample Signal,Reference Original,Sample Original
900,0.36257666,1473903.287,639576.2496,6295,2154
901,0.36218213,1497330.393,650332.5749,5980,1939
902,0.36178233,1520545.844,661023.9452,5681,1756
903,0.36137703,1543522.565,671639.0763,6077,1757
904,0.360966,1566233.481,682166.6843,7059,1724
905,0.36054899,1588651.515,692595.4851,8350,2160
906,0.36012572,1610749.593,702914.1947,10630,2481
907,0.3596959,1632500.64,713111.5289,14049,3097
908,0.35925923,1653877.578,723176.2039,19026,4193
909,0.35881538,1674853.334,733096.9355,27031,5807
910,0.35836399,1695400.83,742862.4396,41294,9014
911,0.3579047,1715492.993,752461.4324,66299,14824
912,0.35743747,1735110.381,761885.3842,107408,25034
913,0.35696349,1754262.576,771136.237,171487,41335
914,0.35648422,1772966.059,780218.4208,253685,62132
915,0.35600107,1791237.308,789136.3654,335655,82996
916,0.35551537,1809092.801,797894.5006,407138,100717
917,0.35502844,1826549.018,806497.2565,472084,115877
918,0.35454152,1843622.436,814949.0628,537272,129960
919,0.35405585,1860329.536,823254.3494,605516,143877
920,0.35357261,1876686.796,831417.5464,675963,157456
921,0.35309298,1892710.694,839443.0834,750114,170898
922,0.35261809,1908417.71,847335.3904,827095,184285
923,0.35214906,1923824.323,855098.8973,906709,197566
924,0.35168698,1938946.355,862737.7821,986757,210877
925,0.35123265,1953791.979,870253.2803,1069193,225363
926,0.35078676,1968364.414,877644.7223,1152885,240795
927,0.35034994,1982666.793,884911.4065,1237545,257137
928,0.34992283,1996702.253,892052.6313,1323129,273460
929,0.34950605,2010473.926,899067.6951,1410988,289812
930,0.34910022,2023984.948,905955.8962,1500910,305784
931,0.34870595,2037238.455,912716.5331,1593729,321437
932,0.34832383,2050237.579,919348.904,1687500,335885
933,0.34795445,2062985.457,925852.3074,1780283,348908
934,0.34759841,2075485.222,932226.0417,1869859,360713
935,0.3472563,2087740.01,938469.4053,1955851,372667
936,0.34692866,2099752.588,944581.5547,2037131,385514
937,0.34661583,2111516.97,950558.272,2110104,398504
938,0.34631784,2123018.248,956391.8985,2173096,410476
939,0.34603472,2134241.114,962074.6209,2226212,422412
940,0.34576652,2145170.258,967598.6261,2269815,435780
941,0.34551328,2155790.371,972956.1007,2303437,452970
942,0.34527505,2166086.143,978139.2314,2328503,479632
943,0.34505187,2176042.265,983140.205,2345274,521777
944,0.34484381,2185643.429,987951.2081,2352921,582198
945,0.34465095,2194874.324,992564.4275,2354777,655554
946,0.34447336,2203719.641,996972.0498,2368063,733217
947,0.34431113,2212164.072,1001166.262,2413463,809480
948,0.34416434,2220192.924,1005139.586,2490335,885850
949,0.34403249,2227806.225,1008892.557,2584192,963517
950,0.34391455,2235019.016,1012433.88,2663665,1034163
951,0.34380947,2241847.014,1015772.628,2725045,1100632
952,0.34371623,2248305.937,1018917.875,2778607,1168523
953,0.34363385,2254411.5,1021878.693,2820704,1230500
954,0.34356137,2260179.422,1024664.156,2845937,1276850
955,0.34349786,2265625.419,1027283.338,2855737,1305030
956,0.34344241,2270765.209,1029745.312,2852629,1316652
957,0.3433941,2275614.508,1032059.152,2836129,1313331
958,0.34335207,2280189.034,1034233.929,2807098,1298121
959,0.34331544,2284504.504,1036278.719,2769458,1274525
960,0.34328335,2288576.932,1038202.741,2725359,1247010
961,0.34325488,2292425.884,1040016.967,2673603,1216957
962,0.3432291,2296073.27,1041733.528,2610905,1181298
963,0.34320508,2299541.04,1043364.573,2534413,1135508
964,0.34318189,2302851.147,1044922.253,2463687,1085645
965,0.34315861,2306025.541,1046418.718,2426756,1041467
966,0.34313434,2309086.174,1047866.118,2381163,984935
967,0.34310817,2312054.996,1049276.603,2320418,926584
968,0.3430792,2314953.958,1050662.323,2259067,888394
969,0.34304653,2317805.013,1052035.427,2201693,872073
970,0.34300928,2320630.11,1053408.068,2151006,871616
971,0.34296657,2323451.201,1054792.393,2106524,880684
972,0.3429176,2326285.702,1056198.274,2064871,893147
973,0.34286198,2329132.022,1057626.028,2028591,910548
974,0.3427994,2331983.595,1059073.472,2001541,931228
975,0.34272958,2334833.852,1060538.419,1986706,950645
976,0.3426522,2337676.227,1062018.688,1984878,967179
977,0.34256698,2340504.151,1063512.092,1996207,980978
978,0.34247363,2343311.057,1065016.448,2020743,993978
979,0.34237184,2346090.378,1066529.572,2053667,1008126
980,0.34226132,2348835.547,1068049.279,2091975,1022479
981,0.34214178,2351539.995,1069573.384,2136813,1037844
982,0.34201293,2354197.156,1071099.705,2185437,1053476
983,0.34187449,2356800.352,1072625.965,2231333,1067210
984,0.34172662,2359339.908,1074147.422,2271165,1077915
985,0.34156999,2361802.858,1075656.624,2309458,1087532
986,0.34140525,2364176.071,1077145.98,2341806,1093559
987,0.34123308,2366446.413,1078607.903,2364598,1095153
988,0.34105411,2368600.753,1080034.801,2379266,1094184
989,0.34086901,2370625.958,1081419.085,2378254,1087341
990,0.34067839,2372508.896,1082753.165,2355598,1071917
991,0.34048288,2374236.434,1084029.452,2323495,1054814
992,0.34028311,2375795.44,1085240.357,2285922,1036949
993,0.34007967,2377172.782,1086378.288,2216292,1003211
994,0.33987317,2378355.329,1087435.658,2093865,941587
995,0.33966402,2379334.358,1088407.329,1928916,857669
996,0.33945211,2380114.515,1089295.591,1715156,752300
997,0.33923722,2380702.969,1090104.14,1437140,622758
998,0.33901916,2381106.89,1090836.67,1114986,478248
999,0.33879771,2381333.449,1091496.877,726386,309155
1000,0.33857268,2381389.815,1092088.455,318456,134941
1001,0.33834384,2381283.158,1092615.1,81310,34634
1002,0.33811101,2381020.649,1093080.507,25239,10935
1003,0.33787399,2380609.457,1093488.369,18237,7944
1004,0.33763257,2380056.753,1093842.384,16031,6848
1005,0.33738655,2379369.706,1094146.245,,
1006,0.33713577,2378555.486,1094403.609,,
1007,0.33688013,2377621.247,1094617.904,,
1008,0.33661957,2376574.144,1094792.471,,
1009,0.33635404,2375421.328,1094930.652,,
1010,0.33608349,2374169.951,1095035.786,,
1011,0.33580788,2372827.166,1095111.217,,
1012,0.33552715,2371400.126,1095160.283,,
1013,0.33524127,2369895.983,1095186.327,,
1014,0.33495019,2368321.888,1095192.691,,
1015,0.33465388,2366684.996,1095182.714,,
1016,0.33435229,2364992.457,1095159.738,,
1017,0.33404544,2363250.521,1095126.596,,
1018,0.3337336,2361458.098,1095081.998,,
1019,0.33341722,2359610.537,1095022.653,,
1020,0.33309672,2357703.16,1094945.253,,
1021,0.33277252,2355731.291,1094846.494,,
1022,0.33244504,2353690.255,1094723.07,,
1023,0.3321147,2351575.374,1094571.674,,
1024,0.33178191,2349381.972,1094389,,
1025,0.33144709,2347105.374,1094171.744,,
1026,0.33111065,2344740.902,1093916.599,,
1027,0.33077298,2342283.881,1093620.26,,
1028,0.33043449,2339730.362,1093279.78,,
1029,0.33009552,2337081.616,1092894.789,,
1030,0.32975639,2334341.187,1092466.038,,
1031,0.32941741,2331512.628,1091994.286,,
1032,0.3290789,2328599.492,1091480.288,,
1033,0.3287412,2325605.334,1090924.802,,
1034,0.32840463,2322533.707,1090328.584,,
1035,0.32806952,2319388.164,1089692.39,,
1036,0.3277362,2316172.259,1089016.979,,
1037,0.32740502,2312889.545,1088303.106,,
1038,0.32707632,2309543.576,1087551.528,,
1039,0.32675033,2306138.352,1086763.461,,
1040,0.32642688,2302679.8,1085942.102,,
1041,0.32610567,2299174.367,1085091.182,,
1042,0.32578642,2295628.499,1084214.431,,
1043,0.32546884,2292048.644,1083315.581,,
1044,0.32515264,2288441.249,1082398.362,,
1045,0.32483754,2284812.76,1081466.505,,
1046,0.32452327,2281169.625,1080523.742,,
1047,0.32420954,2277518.289,1079573.803,,
1048,0.32389608,2273865.202,1078620.418,,
1049,0.32358262,2270216.764,1077667.298,,
1050,0.32326896,2266574.526,1076715.685,,
1051,0.32295502,2262930.869,1075762.171,,
1052,0.32264071,2259277.157,1074802.828,,
1053,0.32232596,2255604.755,1073833.729,,
1054,0.32201068,2251905.025,1072850.947,,
1055,0.32169478,2248169.331,1071850.556,,
1056,0.32137817,2244389.038,1070828.629,,
1057,0.32106073,2240555.509,1069781.239,,
1058,0.32074237,2236660.107,1068704.458,,
1059,0.32042297,2232694.197,1067594.36,,
1060,0.32010243,2228649.784,1066447.296,,
1061,0.31978077,2224526.481,1065262.911,,
1062,0.31945813,2220328.881,1064043.009,,
1063,0.31913462,2216061.665,1062789.429,,
1064,0.31881037,2211729.513,1061504.011,,
1065,0.31848554,2207337.105,1060188.595,,
1066,0.31816024,2202889.121,1058845.022,,
1067,0.31783462,2198390.242,1057475.131,,
1068,0.31750884,2193845.146,1056080.763,,
1069,0.31718303,2189258.515,1054663.757,,
1070,0.31685734,2184635.031,1053225.954,,
1071,0.31653202,2179979.944,1051769.278,,
1072,0.31620748,2175299.881,1050295.854,,
1073,0.31588421,2170601.668,1048807.839,,
1074,0.31556266,2165892.132,1047307.387,,
1075,0.31524331,2161178.101,1045796.655,,
1076,0.31492665,2156466.402,1044277.799,,
1077,0.31461317,2151763.862,1042752.972,,
1078,0.31430337,2147077.308,1041224.333,,
1079,0.31399776,2142413.567,1039694.035,,
1080,0.31369684,2137779.467,1038164.234,,
1081,0.31340111,2133181.522,1036636.992,,
1082,0.31311089,2128623.859,1035113.653,,
1083,0.31282641,2124109.508,1033595.228,,
1084,0.3125479,2119641.493,1032082.728,,
1085,0.31227561,2115222.839,1030577.166,,
1086,0.31200978,2110856.568,1029079.55,,
1087,0.31175064,2106545.705,1027590.893,,
1088,0.31149845,2102293.273,1026112.205,,
1089,0.31125345,2098102.297,1024644.497,,
1090,0.31101589,2093975.8,1023188.78,,
1091,0.31078603,2089916.672,1021745.998,,
1092,0.31056412,2085924.855,1020315.62,,
1093,0.31035047,2081997.409,1018895.674,,
1094,0.31014534,2078131.278,1017484.128,,
1095,0.30994901,2074323.402,1016078.952,,
1096,0.30976178,2070570.724,1014678.113,,
1097,0.30958391,2066870.186,1013279.58,,
1098,0.30941569,2063218.729,1011881.321,,
1099,0.3092574,2059613.297,1010481.305,,
1100,0.30910932,2056050.83,1009077.501,,
1101,0.30897173,2052528.308,1007667.903,,
1102,0.30884468,2049045.172,1006252.219,,
1103,0.30872789,2045604.76,1004832.872,,
1104,0.30862104,2042210.76,1003412.529,,
1105,0.30852381,2038866.858,1001993.853,,
1106,0.30843587,2035576.743,1000579.512,,
1107,0.30835691,2032344.1,999172.1687,,
1108,0.3082866,2029172.616,997774.4901,,
1109,0.3082246,2026065.979,996389.1412,,
1110,0.30817059,2023027.875,995018.7872,,
1111,0.30812423,2020061.998,993666.0817,,
1112,0.30808619,2017173.073,992331.9548,,
1113,0.30805909,2014367.926,991013.8179,,
1114,0.30804584,2011653.641,989708.6529,,
1115,0.30804936,2009037.303,988413.4419,,
1116,0.30807257,2006525.994,987125.1667,,
1117,0.3081184,2004126.799,985840.8095,,
1118,0.30818982,2001846.801,984557.3522,,
1119,0.30828977,1999693.085,983271.7768,,
1120,0.30842123,1997672.733,981981.0654,,
1121,0.30858716,1995792.813,980682.2012,,
1122,0.30878989,1994057.807,979372.3901,,
1123,0.30903036,1992466.843,978049.2976,,
1124,0.30930935,1991018.392,976710.6465,,
1125,0.30962764,1989710.919,975354.1592,,
1126,0.30998601,1988542.893,973977.5584,,
1127,0.31038524,1987512.782,972578.5667,,
1128,0.31082609,1986619.052,971154.9067,,
1129,0.31130934,1985860.173,969704.301,,
1130,0.31183578,1985234.611,968224.4722,,
1131,0.31240618,1984740.844,966713.154,,
1132,0.31302112,1984378.127,965168.8899,,
1133,0.31368085,1984147.006,963591.5744,,
1134,0.31438561,1984048.151,961981.2304,,
1135,0.31513561,1984082.232,960337.8808,,
1136,0.31593106,1984249.918,958661.5482,,
1137,0.31677219,1984551.88,956952.2557,,
1138,0.31765919,1984988.786,955210.0258,,
1139,0.31859226,1985561.307,953434.8816,,
1140,0.31957162,1986270.112,951626.8457,,
1141,0.32059745,1987115.859,949785.9557,,
1142,0.32166965,1988098.838,947912.6476,,
1143,0.32278787,1989218.944,946007.7952,,
1144,0.3239517,1990476.049,944072.2948,,
1145,0.32516075,1991870.026,942107.0425,,
1146,0.32641459,1993400.747,940112.9345,,
1147,0.32771281,1995068.086,938090.8668,,
1148,0.329055,1996871.914,936041.7356,,
1149,0.3304407,1998812.106,933966.4371,,
1150,0.33186949,2000888.533,931865.8675,,
1151,0.33334072,2003100.877,929741.2484,,
1152,0.33485174,2005446.84,927597.178,,
1153,0.33639866,2007922.95,925440.2538,,
1154,0.33797757,2010525.719,923277.0995,,
1155,0.33958452,2013251.661,921114.3388,,
1156,0.34121554,2016097.289,918958.5952,,
1157,0.34286662,2019059.116,916816.4926,,
1158,0.34453372,2022133.655,914694.6544,,
1159,0.34621277,2025317.419,912599.7044,,
1160,0.3478997,2028606.921,910538.2663,,
1161,0.34959067,2031998.565,908516.3022,,
1162,0.351283,2035488.326,906537.1662,,
1163,0.35297428,2039072.074,904603.5693,,
1164,0.35466209,2042745.677,902718.2228,,
1165,0.35634402,2046505.004,900883.8377,,
1166,0.35801763,2050345.926,899103.1254,,
1167,0.35968052,2054264.31,897378.7968,,
1168,0.36133025,2058256.027,895713.5632,,
1169,0.36296439,2062316.945,894110.1358,,
1170,0.36458057,2066442.925,892571.148,,
1171,0.366178,2070629.489,891095.805,,
1172,0.3677581,2074871.688,889678.608,,
1173,0.36932249,2079164.539,888313.7169,,
1174,0.37087283,2083503.062,886995.2916,,
1175,0.37241079,2087882.273,885717.4921,,
1176,0.37393807,2092297.191,884474.4784,,
1177,0.3754564,2096742.835,883260.4104,,
1178,0.37696755,2101214.221,882069.4482,,
1179,0.37847329,2105706.368,880895.7516,,
1180,0.37997492,2110215.407,879734.9935,,
1181,0.38147012,2114745.226,878593.3895,,
1182,0.38295502,2119303.016,877481.6423,,
1183,0.38442568,2123895.977,876410.4711,,
1184,0.38587817,2128531.313,875390.5949,,
1185,0.38730847,2133216.225,874432.7331,,
1186,0.38871257,2137957.916,873547.6047,,
1187,0.39008643,2142763.586,872745.9289,,
1188,0.39142595,2147640.438,872038.4249,,
1189,0.39272706,2152595.637,871435.7909,,
1190,0.39398586,2157633.886,870947.3281,,
1191,0.39519878,2162755.922,870580.0875,,
1192,0.39636229,2167962.123,870340.9163,,
1193,0.39747289,2173252.865,870236.6617,,
1194,0.39852709,2178628.528,870274.171,,
1195,0.39952146,2184089.488,870460.2913,,
1196,0.4004526,2189636.123,870801.87,,
1197,0.40131713,2195268.812,871305.7541,,
1198,0.40211174,2200987.931,871978.791,,
1199,0.40283297,2206793.293,872828.0344,,
1200,0.40347617,2212681.438,873861.7343,,
1201,0.40403634,2218647.727,875088.57,,
1202,0.40450857,2224687.523,876517.2216,,
1203,0.40488804,2230796.187,878156.3689,,
1204,0.40517006,2236969.082,880014.6921,,
1205,0.40535005,2243201.568,882100.8711,,
1206,0.40542356,2249489.007,884423.5858,,
1207,0.40538628,2255826.762,886991.5162,,
1208,0.4052341,2262210.267,889813.2553,,
1209,0.40496441,2268636.717,892895.3138,,
1210,0.40457614,2275105.107,896242.0734,,
1211,0.40406838,2281614.514,899857.8197,,
1212,0.40344036,2288164.013,903746.8382,,
1213,0.40269145,2294752.68,907913.4145,,
1214,0.40182115,2301379.591,912361.8341,,
1215,0.40082907,2308043.821,917096.3826,,
1216,0.39971498,2314744.448,922121.3454,,
1217,0.39847876,2321480.531,927440.9818,,
1218,0.39712412,2328244.836,933049.1638,,
1219,0.3956639,2335014.284,938913.6195,,
1220,0.3941121,2341763.346,944998.0282,,
1221,0.39248236,2348466.491,951266.0694,,
1222,0.39078796,2355098.188,957681.4224,,
1223,0.38904177,2361632.905,964207.7666,,
1224,0.38725628,2368045.113,970808.7814,,
1225,0.38544356,2374309.281,977448.1463,,
1226,0.3836153,2380399.878,984089.5406,,
1227,0.3817825,2386293.421,990698.1222,,
1228,0.3799542,2391978.489,997247.7507,,
1229,0.37813859,2397448.058,1003715.459,,
1230,0.37634363,2402695.11,1010078.285,,
1231,0.37457706,2407712.626,1016313.265,,
1232,0.37284642,2412493.588,1022397.437,,
1233,0.37115907,2417030.979,1028307.839,,
1234,0.36952222,2421317.78,1034021.508,,
1235,0.36794292,2425346.973,1039515.482,,
1236,0.36642768,2429116.191,1044769.8,,
1237,0.36497753,2432684.093,1049803.909,,
1238,0.3635899,2436152.285,1054664.987,,
1239,0.36226247,2439623.269,1059400.789,,
1240,0.3609932,2443199.548,1064059.072,,
1241,0.3597803,2446983.622,1068687.591,,
1242,0.3586222,2451077.994,1073334.103,,
1243,0.35751756,2455585.166,1078046.362,,
1244,0.35646519,2460607.64,1082872.126,,
1245,0.35546406,2466245.415,1087858.06,,
1246,0.35451303,2472520.528,1093016.886,,
1247,0.35361073,2479363.681,1098321.558,,
1248,0.35275559,2486700.38,1103742.766,,
1249,0.35194596,2494456.129,1109251.201,,
1250,0.35118008,2502556.435,1114817.554,,
1251,0.3504561,2510926.8,1120412.516,,
1252,0.34977211,2519492.731,1126006.777,,
1253,0.34912613,2528179.733,1131571.029,,
1254,0.34851615,2536913.513,1137076.049,,
1255,0.34794028,2545637.341,1142500.104,,
1256,0.34739689,2554325.387,1147834.638,,
1257,0.34688438,2562954.959,1153072.436,,
1258,0.34640118,2571503.365,1158206.28,,
1259,0.34594573,2579947.916,1163228.955,,
1260,0.34551651,2588265.918,1168133.245,,
1261,0.345112,2596434.682,1172911.932,,
1262,0.34473071,2604431.514,1177557.801,,
1263,0.34437117,2612233.754,1182063.649,,
1264,0.34403177,2619827.479,1186426.744,,
1265,0.34371043,2627219.868,1190655.137,,
1266,0.3434051,2634421.217,1194758.474,,
1267,0.34311373,2641441.823,1198746.4,,
1268,0.34283435,2648291.98,1202628.561,,
1269,0.34256499,2654981.986,1206414.603,,
1270,0.34230374,2661522.137,1210114.171,,
1271,0.34204869,2667922.728,1213736.912,,
1272,0.34179798,2674194.056,1217292.468,,
1273,0.34154997,2680344.882,1220789.297,,
1274,0.34130352,2686379.345,1224232.269,,
1275,0.34105764,2692300.719,1227625.58,,
1276,0.34081134,2698112.275,1230973.429,,
1277,0.34056364,2703817.286,1234280.013,,
1278,0.34031359,2709419.026,1237549.529,,
1279,0.34006021,2714920.765,1240786.174,,
1280,0.33980258,2720325.776,1243994.147,,
1281,0.33953975,2725637.333,1247177.645,,
1282,0.3392712,2730858.518,1250339.656,,
1283,0.33899771,2735991.772,1253479.039,,
1284,0.33872037,2741039.398,1256593.775,,
1285,0.33844025,2746003.696,1259681.842,,
1286,0.33815839,2750886.971,1262741.22,,
1287,0.33787584,2755691.524,1265769.889,,
1288,0.33759364,2760419.657,1268765.827,,
1289,0.33731281,2765073.675,1271727.014,,
1290,0.33703438,2769655.877,1274651.429,,
1291,0.33675955,2774167.495,1277535.952,,
1292,0.33649026,2778605.989,1280373.604,,
1293,0.33622856,2782967.993,1283156.557,,
1294,0.33597652,2787250.142,1285876.985,,
1295,0.33573616,2791449.071,1288527.062,,
1296,0.33550951,2795561.413,1291098.961,,
1297,0.33529855,2799583.803,1293584.855,,
1298,0.33510529,2803512.876,1295976.918,,
1299,0.3349317,2807345.265,1298267.323,,
1300,0.3347794,2811076.796,1300448.963,,
1301,0.33464878,2814700.624,1302517.092,,
1302,0.33454,2818209.361,1304467.454,,
1303,0.33445324,2821595.616,1306295.791,,
1304,0.33438867,2824851.998,1307997.843,,
1305,0.33434647,2827971.118,1309569.354,,
1306,0.33432682,2830945.585,1311006.065,,
1307,0.33432993,2833768.009,1312303.717,,
1308,0.33435602,2836431.001,1313458.053,,
1309,0.3344056,2838928.7,1314464.577,,
1310,0.33448011,2841259.567,1315318.118,,
1311,0.33458114,2843422.821,1316013.39,,
1312,0.33471028,2845417.683,1316545.105,,
1313,0.33486916,2847243.374,1316907.975,,
1314,0.3350594,2848899.114,1317096.713,,
1315,0.33528265,2850384.123,1317106.03,,
1316,0.33554057,2851697.622,1316930.64,,
1317,0.33583485,2852838.834,1316565.26,,
1318,0.33616696,2853807.835,1316005.687,,
1319,0.33653791,2854606.616,1315250.159,,
1320,0.33694863,2855237.435,1314297.247,,
1321,0.33740011,2855702.548,1313145.525,,
1322,0.33789335,2856004.212,1311793.563,,
1323,0.33842937,2856144.682,1310239.934,,
1324,0.33900924,2856126.216,1308483.21,,
1325,0.33963405,2855951.07,1306521.963,,
1326,0.34030491,2855621.466,1304354.754,,
1327,0.34102289,2855137.052,1301979.27,,
1328,0.3417889,2854493.126,1299391.729,,
1329,0.3426039,2853684.568,1296588.205,,
1330,0.34346888,2852706.259,1293564.772,,
1331,0.34438487,2851553.076,1290317.505,,
1332,0.34535298,2850219.902,1286842.478,,
1333,0.34637435,2848701.614,1283135.766,,
1334,0.34745019,2846993.094,1279193.443,,
1335,0.34858173,2845089.228,1275011.664,,
1336,0.34976944,2842985.163,1270589.194,,
1337,0.35101278,2840676.355,1265927.911,,
1338,0.35231124,2838158.275,1261029.876,,
1339,0.3536643,2835426.397,1255897.147,,
1340,0.35507153,2832476.194,1250531.785,,
1341,0.35653251,2829303.138,1244935.851,,
1342,0.35804685,2825902.701,1239111.403,,
1343,0.35961423,2822270.358,1233060.503,,
1344,0.36123424,2818402.065,1226785.704,,
1345,0.36290494,2814301.385,1220297.334,,
1346,0.36462308,2809977.929,1213611.901,,
1347,0.36638532,2805441.479,1206746.085,,
1348,0.36818822,2800701.811,1199716.563,,
1349,0.37002828,2795768.707,1192540.016,,
1350,0.37190189,2790651.944,1185233.123,,
1351,0.37380536,2785361.303,1177812.562,,
1352,0.37573484,2779906.562,1170295.012,,
1353,0.37768648,2774297.646,1162697.063,,
1354,0.37965672,2768545.686,1155034.556,,
1355,0.38164213,2762662.406,1147322.965,,
1356,0.38363916,2756659.533,1139577.763,,
1357,0.38564413,2750548.795,1131814.422,,
1358,0.3876532,2744341.92,1124048.412,,
1359,0.38966242,2738050.636,1116295.207,,
1360,0.39166765,2731686.672,1108570.277,,
1361,0.39366465,2725261.754,1100889.095,,
1362,0.39564987,2718782.041,1093262.669,,
1363,0.39762362,2712229.036,1085682.266,,
1364,0.39958735,2705577.431,1078133.693,,
1365,0.40154265,2698801.916,1070602.756,,
1366,0.40349123,2691877.18,1063075.262,,
1367,0.4054349,2684777.915,1055537.019,,
1368,0.4073756,2677478.81,1047973.832,,
1369,0.40931542,2669954.555,1040371.51,,
1370,0.41125655,2662179.866,1032715.865,,
1371,0.41320169,2654135.741,1024994.274,,
1372,0.41515453,2645817.658,1017197.723,,
1373,0.41711899,2637223.13,1009317.7,,
1374,0.41909911,2628349.666,1001345.697,,
1375,0.42109908,2619194.781,993273.2023,,
1376,0.42312324,2609755.984,985091.7076,,
1377,0.42517608,2600030.788,976792.7026,,
1378,0.42726228,2590016.704,968367.6777,,
1379,0.42938665,2579712.184,959808.5392,,
1380,0.43155317,2569146.237,951120.7434,,
1381,0.43376465,2558384.438,942325.9596,,
1382,0.43602368,2547494.516,933446.8111,,
1383,0.43833274,2536544.198,924505.9213,,
1384,0.44069414,2525601.212,915525.9136,,
1385,0.44311003,2514733.285,906529.4115,,
1386,0.44558239,2504008.147,897539.0384,,
1387,0.44811297,2493493.523,888577.4176,,
1388,0.45070361,2483254.139,879665.5009,,
1389,0.45335912,2473323.126,870806.6527,,
1390,0.45608632,2463714.702,861993.7109,,
1391,0.45889221,2454442.831,853219.3713,,
1392,0.461784,2445521.479,844476.3295,,
1393,0.46476905,2436964.608,835757.2815,,
1394,0.46785493,2428786.185,827054.923,,
1395,0.47104939,2421000.172,818361.9497,,
1396,0.47436038,2413620.534,809671.0574,,
1397,0.47779563,2406660.457,800975.4212,,
1398,0.48136137,2400129.801,792270.2642,,
1399,0.48506349,2394037.535,783551.3563,,
1400,0.488908,2388392.632,774814.4674,,
1401,0.49290107,2383204.062,766055.3674,,
1402,0.497049,2378480.796,757269.8262,,
1403,0.50135823,2374231.805,748453.6139,,
1404,0.50583537,2370466.06,739602.5002,,
1405,0.51048712,2367192.342,730712.3098,,
1406,0.51531423,2364402.252,721783.8105,,
1407,0.52030644,2362056.753,712826.5854,,
1408,0.5254521,2360113.639,703851.1288,,
1409,0.53073926,2358530.709,694867.9349,,
1410,0.53615566,2357265.757,685887.4978,,
1411,0.54168872,2356276.58,676920.3118,,
1412,0.54732555,2355520.974,667976.8711,,
1413,0.55305292,2354956.735,659067.6699,,
1414,0.55885726,2354542.149,650203.3612,,
1415,0.56472435,2354242.706,641396.933,,
1416,0.57063934,2354029.378,632663.1511,,
1417,0.57658678,2353873.276,624016.8254,,
1418,0.58255066,2353745.509,615472.7663,,
1419,0.58851438,2353617.189,607045.7838,,
1420,0.59446069,2353459.426,598750.6881,,
1421,0.60037171,2353243.329,590602.2894,,
1422,0.6062289,2352940.01,582615.3978,,
1423,0.6120142,2352524.503,574804.2246,,
1424,0.61771448,2351990.246,567180.1732,,
1425,0.62331764,2351336.065,559753.8244,,
1426,0.6288111,2350560.786,552535.7595,,
1427,0.63418176,2349663.236,545536.5593,,
1428,0.63941604,2348642.242,538766.8049,,
1429,0.64449985,2347496.63,532237.0772,,
1430,0.64941867,2346225.227,525957.9572,,
1431,0.6541576,2344826.876,519939.9411,,
1432,0.6587067,2343301.605,514187.4706,,
1433,0.66306477,2341651.393,508694.9969,,
1434,0.66723174,2339878.403,503456.0368,,
1435,0.67120779,2337984.8,498464.1075,,
1436,0.67499345,2335972.746,493712.7257,,
1437,0.67858953,2333844.405,489195.4084,,
1438,0.68199714,2331601.939,484905.6726,,
1439,0.68521773,2329247.512,480837.0351,,
1440,0.68825317,2326783.15,476982.8282,,
1441,0.69110716,2324209.436,473334.431,,
1442,0.69378471,2321526.086,469882.0486,,
1443,0.6962912,2318732.803,466615.8703,,
1444,0.69863236,2315829.291,463526.0855,,
1445,0.70081429,2312815.253,460602.8834,,
1446,0.7028434,2309690.393,457836.4533,,
1447,0.70472642,2306454.414,455216.9844,,
1448,0.70647037,2303107.019,452734.666,,
1449,0.70808249,2299647.083,450379.5956,,
1450,0.70957006,2296070.998,448141.5961,,
1451,0.71094058,2292374.693,446010.4391,,
1452,0.71220179,2288554.097,443975.8964,,
1453,0.71336162,2284605.139,442027.7395,,
1454,0.71442823,2280523.748,440155.7401,,
1455,0.71540993,2276305.854,438349.6698,,
1456,0.71631523,2271947.386,436599.3003,,
1457,0.71715265,2267444.423,434894.5854,,
1458,0.71792766,2262796.202,433229.2598,,
1459,0.71864282,2258004.932,431600.6243,,
1460,0.71930062,2253072.936,430006.1189,,
1461,0.71990356,2248002.542,428443.1836,,
1462,0.72045421,2242796.073,426909.2585,,
1463,0.72095517,2237455.855,425401.7835,,
1464,0.72140906,2231984.214,423918.1987,,
1465,0.72181854,2226383.473,422455.9442,,
1466,0.72218617,2220655.376,421012.5083,,
1467,0.72251377,2214799.103,419585.5915,,
1468,0.72280304,2208813.137,418172.9523,,
1469,0.72305566,2202695.96,416772.3491,,
1470,0.72327335,2196446.054,415381.5405,,
1471,0.72345785,2190061.9,413998.2849,,
1472,0.72361091,2183541.98,412620.3409,,
1473,0.72373432,2176884.777,411245.4668,,
1474,0.72382987,2170088.785,409871.4157,,
1475,0.72389965,2163152.896,408495.7696,,
1476,0.72394608,2156076.469,407115.9108,,
1477,0.72397162,2148858.888,405729.2099,,
1478,0.72397876,2141499.537,404333.0379,,
1479,0.72397001,2133997.8,402924.7655,,
1480,0.72394792,2126353.062,401501.7635,,
1481,0.72391508,2118564.707,400061.4028,,
1482,0.7238741,2110632.119,398601.0541,,
1483,0.72382685,2102555.043,397118.8724,,
1484,0.72377138,2094334.988,395616.8371,,
1485,0.72370456,2085973.996,394098.0915,,
1486,0.72362318,2077474.112,392565.7797,,
1487,0.723524,2068837.378,391023.0454,,
1488,0.72340371,2060065.839,389473.0325,,
1489,0.72325894,2051161.538,387918.8848,,
1490,0.72308628,2042126.519,386363.7461,,
1491,0.72288228,2032962.919,384810.7337,,
1492,0.7226449,2023675.554,383262.1958,,
1493,0.7223737,2014272.272,381719.6114,,
1494,0.72206832,2004761.082,380184.4129,,
1495,0.72172838,1995149.996,378658.0327,,
1496,0.72135352,1985447.022,377141.903,,
1497,0.72094335,1975660.171,375637.4564,,
1498,0.72049752,1965797.453,374146.125,,
1499,0.72001563,1955866.877,372669.3413,,
1500,0.7194976,1945875.264,371208.064,,
1501,0.7189445,1935824.65,369761.3479,,
1502,0.71835775,1925715.871,368327.7699,,
1503,0.71773874,1915549.761,366905.9066,,
1504,0.71708891,1905327.156,365494.3348,,
1505,0.71640972,1895048.891,364091.631,,
1506,0.71570266,1884715.8,362696.3722,,
1507,0.71496922,1874328.72,361307.1349,,
1508,0.71421099,1863888.439,359922.4408,,
1509,0.7134305,1853394.949,358539.8858,,
1510,0.71263111,1842847.586,357156.2975,,
1511,0.71181623,1832245.666,355768.4801,,
1512,0.71098936,1821588.502,354373.2377,,
1513,0.71015401,1810875.41,352967.3745,,
1514,0.70931375,1800105.706,351547.6948,,
1515,0.70847223,1789278.703,350111.0028,,
1516,0.70763313,1778393.722,348654.1056,,
1517,0.70679943,1767451.639,347174.7337,,
1518,0.70597228,1756457.072,345672.839,,
1519,0.70515262,1745415.192,344148.7009,,
1520,0.70434138,1734331.168,342602.5986,,
1521,0.70353954,1723210.171,341034.8114,,
1522,0.70274811,1712057.371,339445.6187,,
1523,0.70196812,1700877.939,337835.2997,,
1524,0.70120065,1689677.044,336204.1339,,
1525,0.7004468,1678459.605,334552.3575,,
1526,0.69970761,1667228.701,332879.8957,,
1527,0.69898415,1655986.606,331186.5364,,
1528,0.69827749,1644735.587,329472.0669,,
1529,0.69758875,1633477.913,327736.2745,,
1530,0.69691909,1622215.852,325978.9465,,
1531,0.69626968,1610951.671,324199.8702,,
1532,0.69564173,1599687.641,322398.8328,,
1533,0.69503645,1588426.086,320575.6716,,
1534,0.69445369,1577170.867,318731.5484,,
1535,0.69389182,1565927.5,316869.0533,,
1536,0.69334911,1554701.583,314990.8475,,
1537,0.69282377,1543498.712,313099.5923,,
1538,0.69231402,1532324.486,311197.9489,,
1539,0.69181801,1521184.502,309288.5784,,
1540,0.69133388,1510084.357,307374.142,,
1541,0.69085972,1499029.642,305457.2978,,
1542,0.6903943,1488023.327,303539.66,,
1543,0.68993815,1477062.034,301620.3122,,
1544,0.68949208,1466141.439,299697.9613,,
1545,0.6890569,1455257.218,297771.3147,,
1546,0.68863346,1444405.05,295839.0793,,
1547,0.68822259,1433580.611,293899.9624,,
1548,0.68782517,1422779.577,291952.671,,
1549,0.68744209,1411997.625,289995.9123,,
1550,0.68707397,1401231.324,288028.7711,,
1551,0.68671986,1390481.969,286052.3355,,
1552,0.68637831,1379752.419,284068.3559,,
1553,0.68604778,1369045.533,282078.5829,,
1554,0.68572673,1358364.169,280084.7673,,
1555,0.68541355,1347711.188,278088.6595,,
1556,0.68510662,1337089.448,276092.0104,,
1557,0.68480424,1326501.808,274096.5706,,
1558,0.68450482,1315950.724,272103.9258,,
1559,0.68420815,1305434.187,270113.8371,,
1560,0.68391493,1294947.415,268124.9326,,
1561,0.6836259,1284485.584,266135.823,,
1562,0.68334179,1274043.869,264145.1192,,
1563,0.68306338,1263617.448,262151.4319,,
1564,0.68279144,1253201.495,260153.372,,
1565,0.68252679,1242791.187,258149.5503,,
1566,0.68227013,1232381.829,256138.6714,,
1567,0.68201952,1221971.769,254121.6403,,
1568,0.68177022,1211562.429,252101.5852,,
1569,0.68151722,1201155.364,250081.7326,,
1570,0.68125533,1190752.133,248065.3093,,
1571,0.68097923,1180354.293,246055.5419,,
1572,0.6806834,1169963.4,244055.6571,,
1573,0.68036213,1159581.012,242068.8815,,
1574,0.68000961,1149208.666,240098.4091,,
1575,0.67962252,1138846.88,238145.741,,
1576,0.67920142,1128494.681,236209.8989,,
1577,0.67874724,1118150.975,234289.7072,,
1578,0.67826091,1107814.669,232383.99,,
1579,0.67774341,1097484.67,230491.5718,,
1580,0.67719577,1087159.885,228611.2768,,
1581,0.67661903,1076839.22,226741.9295,,
1582,0.67601426,1066521.603,224882.3631,,
1583,0.67538153,1056208.212,223032.4245,,
1584,0.67471892,1045904.495,221193.8809,,
1585,0.67402422,1035616.373,219368.7134,,
1586,0.67329518,1025349.768,217558.9033,,
1587,0.67252948,1015110.602,215766.4318,,
1588,0.67172478,1004904.799,213993.2802,,
1589,0.67087867,994738.2785,212241.4297,,
1590,0.66998869,984616.9396,210512.852,,
1591,0.66905394,974542.1473,208807.7861,,
1592,0.66807694,964505.4854,207122.7298,,
1593,0.66706073,954497.2634,205453.6942,,
1594,0.66600842,944507.791,203796.69,,
1595,0.66492316,934527.3779,202147.7282,,
1596,0.6638082,924546.3336,200502.8197,,
1597,0.6626668,914554.9679,198857.9752,,
1598,0.66150232,904543.6231,197209.2135,,
1599,0.66031794,894508.3509,195553.8915,,
1600,0.65911652,884457.3823,193892.2218,,
1601,0.65790102,874400.5123,192224.7834,,
1602,0.65667453,864347.5363,190552.1555,,
1603,0.65544031,854308.2496,188874.9175,,
1604,0.6542018,844292.4474,187193.6483,,
1605,0.6529626,834309.9249,185508.9273,,
1606,0.6517265,824370.4327,183821.3315,,
1607,0.65049566,814479.4174,182131.2425,,
1608,0.649269,804634.5109,180438.6862,,
1609,0.648045,794832.5186,178743.6511,,
1610,0.64682209,785070.2461,177046.1256,,
1611,0.6455986,775344.4989,175346.0983,,
1612,0.64437279,765652.0824,173643.5575,,
1613,0.64314282,755989.8022,171938.4918,,
1614,0.64190682,746354.5505,170230.8894,,
1615,0.64066492,736746.795,168520.7303,,
1616,0.63942017,727171.7653,166807.9837,,
1617,0.63817597,717635.0213,165092.6181,,
1618,0.63693589,708142.1231,163374.6019,,
1619,0.6357037,698698.6306,161653.9034,,
1620,0.63448337,689310.1038,159930.4912,,
1621,0.63327911,679982.1028,158204.3335,,
1622,0.63209513,670719.7834,156475.3684,,
1623,0.63093284,661521.3876,154743.0121,,
1624,0.62979106,652379.3531,153006.2426,,
1625,0.62866841,643285.9376,151264.0247,,
1626,0.6275634,634233.3986,149515.3229,,
1627,0.62647445,625213.9938,147759.1019,,
1628,0.6253998,616219.9809,145994.3261,,
1629,0.62433759,607243.6174,144219.9603,,
1630,0.62328605,598278.4106,142435.1841,,
1631,0.62224514,589326.8859,140640.7293,,
1632,0.62121568,580395.5281,138838.0089,,
1633,0.62019856,571490.8387,137028.4391,,
1634,0.61919479,562619.3195,135213.4359,,
1635,0.61820548,553787.4721,133394.4154,,
1636,0.61723184,545001.7981,131572.7936,,
1637,0.61627521,536268.7959,129749.9857,,
1638,0.61533768,527591.9237,127926.4817,,
1639,0.61442333,518965.9986,126100.1428,,
1640,0.61353673,510384.313,124268.3662,,
1641,0.61268271,501840.1591,122428.5491,,
1642,0.61186634,493326.8291,120578.0887,,
1643,0.61109297,484837.6152,118714.3821,,
1644,0.61036826,476365.8097,116834.8266,,
1645,0.60969811,467904.4732,114936.7949,,
1646,0.60908585,459441.1885,113017.0786,,
1647,0.60853195,450957.9751,111071.8797,,
1648,0.60803675,442436.6034,109097.3734,,
1649,0.60760061,433858.8441,107089.7354,,
1650,0.60722389,425206.4677,105045.141,,
1651,0.60690705,416461.2449,102959.7657,,
1652,0.6066506,407604.9462,100829.7849,,
1653,0.60645535,398619.4688,98651.37746,,
1654,0.60632285,389487.3017,96420.73805,,
1655,0.60625514,380191.1071,94134.06596,,
1656,0.60625463,370713.5473,91787.56051,,
1657,0.60632424,361037.2844,89377.421,,
1658,0.60646745,351144.9808,86899.84674,,
1659,0.60668853,341019.2986,84351.03704,,
1660,0.60699241,330643.707,81727.43237,,
1661,0.60737932,320022.1118,79031.58106,,
1662,0.60784353,309179.955,76272.46795,,
1663,0.60837836,298143.7059,73459.38487,,
1664,0.60897615,286939.8336,70601.62365,,
1665,0.60962799,275594.8074,67708.47612,,
1666,0.61032327,264135.0966,64789.23412,,
1667,0.61104919,252587.1752,61853.1901,,
1668,0.611797,240985.2368,58910.59896,,
1669,0.6125772,229386.7623,55974.61929,,
1670,0.61340606,217853.6074,53058.95506,,
1671,0.61430252,206447.6278,50177.31027,,
1672,0.61528872,195230.6788,47343.38892,,
1673,0.61639059,184264.6162,44570.89499,,
1674,0.61763838,173611.2955,41873.53248,,
1675,0.61906413,163328.4591,39264.28846,,
1676,0.62068068,153443.1038,36750.79133,,
1677,0.62248883,143968.3099,34338.24388,,
1678,0.62448512,134917.0891,32031.83695,,
1679,0.6266601,126302.453,29836.76136,,
1680,0.62899603,118137.4131,27758.20798,,
1681,0.63146394,110434.9812,25801.36762,,
1682,0.63402157,103206.8341,23971.04063,,
1683,0.63663352,96443.79842,22265.92723,,
1684,0.63927373,90120.18835,20679.89669,,
1685,0.64191054,84209.86588,19206.68594,,
1686,0.64450567,78686.69299,17840.03192,,
1687,0.64701354,73524.53162,16573.67157,,
1688,0.64938075,68697.24375,15401.34182,,
1689,0.65154678,64178.9665,14316.79926,,
1690,0.65347717,59950.89177,13314.30435,,
1691,0.65517712,56001.69463,12388.652,,
1692,0.65666624,52320.41111,11534.66291,,
1693,0.65798039,48896.07726,10747.15778,,
1694,0.65917544,45717.7291,10020.9573,,
1695,0.66033137,42774.40268,9350.882172,,
1696,0.66155336,40055.09162,8731.811791,,
1697,0.66288065,37547.63633,8160.221618,,
1698,0.66424773,35238.61562,7634.333174,,
1699,0.66556354,33114.54416,7152.456752,,
1700,0.66671409,31161.93663,6712.902642,,
