Batch Number,B2600081,,,,
Category,Livestock,,,,
Specie,Cattle,,,,
Family,Dairy,,,,
Brand,FARMFLAKES,,,,
Product Code,PFDP010802,,,,
Product name,FARHAT FEED - DAIRY PRODUCTION COW,,,,
NIR-Code,D20260211-00102,,,,
Serial Number:,5B25203,,,,
Scan Config Name:,IAS5100,,,,
Scan Config Type:,2,,,,
Start wavelength in nm:,900,,,,
End wavelength in nm:,1700,,,,
Pattern Pixel Width:,11,,,,
Exposure Time:,0,,,,
Measurement points:,420,,,,
Number of Measurement points:,801,,,,
Num Repeats:,90,90,,,
PGA Gain:,64,64,,,
Wavelength,Absorbance,Reference Signal,Sample Signal,Reference Original,Sample Original
900,0.12188872,1239502.414,936178.4941,5549,3522
901,0.12175036,1259508.476,951591.9023,5624,3519
902,0.12158317,1279309.497,966924.2488,5375,3446
903,0.12138752,1298820.768,982113.5463,5333,3315
904,0.12118661,1317934.466,997027.6662,5277,3165
905,0.12100355,1336542.21,1011530.841,5131,3032
906,0.12084764,1354640.697,1025596.375,5003,3039
907,0.12070455,1372424.146,1039402.603,5119,2952
908,0.1205583,1390108.384,1053150.326,4994,2868
909,0.12039845,1407788.853,1066937.736,5009,2963
910,0.12022742,1425236.571,1080586.501,5098,2966
911,0.12004941,1442168.451,1093872.177,5108,3085
912,0.11986847,1458390.976,1106637.789,5330,3043
913,0.11968911,1474051.122,1118982.855,5458,3161
914,0.11951592,1489376.761,1131067.835,5646,3138
915,0.11935239,1504556.753,1143026.186,5797,3222
916,0.11919678,1519576.47,1154850.537,6071,3340
917,0.11904571,1534355.16,1166487.755,6463,3526
918,0.11889647,1548836.482,1177901.829,6731,3655
919,0.11875011,1563134.468,1189176.263,7082,3898
920,0.11860923,1577435.663,1200445.425,7603,4028
921,0.11847587,1591845.988,1211783.897,8029,4383
922,0.11834674,1605733.998,1222719.557,8576,4511
923,0.11821569,1618073.983,1232487.964,9096,4843
924,0.11807715,1627995.822,1240441.07,9686,5000
925,0.11793464,1636490.262,1247322.594,10416,5426
926,0.11779795,1645752.857,1254777.347,11226,5856
927,0.11767681,1657837.127,1264343.425,11919,6224
928,0.11757151,1672421.51,1275775.441,12838,6570
929,0.11747477,1687383.078,1287475.335,13882,7210
930,0.1173793,1700635.749,1297872.407,14913,7637
931,0.11728542,1711550.091,1306484.283,16246,8295
932,0.1172001,1720751.786,1313766.335,17571,8942
933,0.11713011,1728919.692,1320215.153,19144,9845
934,0.11707339,1736987.426,1326548.963,21029,10726
935,0.1170197,1746130.794,1333696.692,22877,11659
936,0.11695932,1757475.382,1342548.331,25309,12861
937,0.1168951,1770722.216,1352867.726,27883,14301
938,0.11684198,1784120.121,1363270.729,31135,15976
939,0.11681419,1795903.11,1372362.073,34843,17898
940,0.11680998,1805605.443,1379789.617,39107,19968
941,0.11681128,1814143.285,1386309.847,44178,22680
942,0.11680026,1822480.533,1392716.228,49964,25663
943,0.11677619,1831075.206,1399361.715,56450,29094
944,0.11675631,1839840.201,1406124.571,63904,33029
945,0.1167578,1848643.519,1412847.761,72481,37685
946,0.1167827,1856893.134,1419071.276,81921,42834
947,0.1168173,1863508.09,1424013.1,92641,48659
948,0.11684797,1867460.2,1426932.355,104746,55150
949,0.11687343,1869543.443,1428440.424,117715,62237
950,0.11690468,1872410.338,1430527.945,132246,70186
951,0.11695243,1878665.424,1435149.068,147245,78489
952,0.11701431,1888133.083,1442176.09,163262,87127
953,0.1170761,1897989.114,1449497.985,179888,96185
954,0.11712445,1905411.467,1455004.458,197087,105535
955,0.11715965,1909512.418,1458017.844,214622,114867
956,0.11719333,1911079.652,1459101.347,230733,123633
957,0.11723674,1910994.249,1458890.314,248424,133143
958,0.11729173,1910702.05,1458482.574,265160,142059
959,0.11735282,1912081.733,1459330.4,279732,149782
960,0.11741441,1916812.528,1462733.568,295695,158362
961,0.117474,1924052.316,1468056.867,310276,166097
962,0.11753146,1931296.16,1473388.963,324258,173540
963,0.11758675,1936256.024,1476984.819,337903,180567
964,0.11763727,1938974.685,1478886.6,349927,186743
965,0.11767884,1940779.296,1480121.296,364004,193909
966,0.11770799,1942867.179,1481614.17,377702,200898
967,0.11772711,1945383.26,1483467.582,389587,206820
968,0.11774129,1948003.2,1485416.954,404754,214362
969,0.1177549,1950457.567,1487241.877,417701,220855
970,0.11776848,1952796.817,1488979.007,430929,227312
971,0.11778123,1955182.804,1490754.518,444506,234016
972,0.11779163,1957743.456,1492671.202,458441,240440
973,0.11779512,1960464.062,1494733.49,472180,247088
974,0.11778642,1963292.534,1496920.029,487115,254111
975,0.11776232,1966134.643,1499170.187,501082,260743
976,0.11772597,1968767.35,1501303.248,515439,267339
977,0.11768168,1970944.195,1503116.505,529919,274051
978,0.1176323,1972637.662,1504579.102,544571,280767
979,0.11757756,1974301.01,1506037.569,559675,287415
980,0.1175169,1976445.279,1507883.869,571557,292587
981,0.11745069,1979208.259,1510222.046,589425,300678
982,0.11738071,1982144.78,1512706.456,606094,308135
983,0.11730868,1984771.538,1514962.354,618362,313288
984,0.117233,1986947.734,1516887.748,637160,321613
985,0.11714853,1988908.19,1518679.779,653252,328503
986,0.11705043,1990893.753,1520539.313,668985,335171
987,0.11694014,1992954.646,1522499.898,685078,341996
988,0.11682375,1994997.425,1524468.974,697821,347061
989,0.11670668,1996950.58,1526372.876,716499,355138
990,0.1165883,1998956.536,1528322.652,734120,362533
991,0.11646504,2001264.691,1530521.722,748194,368152
992,0.11633449,2003890.687,1532990.748,768914,377031
993,0.11619996,2005664.625,1534823.194,785586,383759
994,0.11606615,2005043.537,1534820.746,802185,390658
995,0.11593452,2001511.702,1532581.617,818968,397625
996,0.11579808,1997670.1,1530120.711,836361,404813
997,0.11564899,1996687.295,1529893.028,853027,411810
998,0.115486,1999656.895,1532743.524,871230,419314
999,0.11531811,2003882.827,1536576.593,888105,426476
1000,0.11515428,2006332.507,1539035.467,904830,433547
1001,0.11499828,2005843.703,1539213.298,922340,440939
1002,0.11484913,2003325.851,1537809.22,939654,448366
1003,0.11470556,1999819.53,1535625.239,957050,456055
1004,0.11456194,1996648.604,1533697.465,968939,460940
1005,0.11440992,1995324.019,1533216.61,991708,471016
1006,0.11424324,1996945.702,1535051.716,1011496,479817
1007,0.11406604,2000107.504,1538109.656,1023314,484587
1008,0.11388556,2002466.184,1540563.589,1046428,495005
1009,0.11370726,2002446.51,1541181.053,1064382,502883
1010,0.11353329,2000913.64,1540618.308,1081581,510348
1011,0.11336558,1999208.496,1539899.978,1099575,518219
1012,0.11320377,1998148.645,1539657.149,1111420,523113
1013,0.11304307,1997666.023,1539854.958,1133239,532482
1014,0.11287831,1997575.819,1540369.665,1153594,541272
1015,0.11270702,1997073.212,1540589.632,1167433,546778
1016,0.11252884,1994782.638,1539454.097,1192276,557689
1017,0.11234359,1989673.022,1536165.903,1210714,565398
1018,0.11215565,1983681.966,1532203.296,1228845,572851
1019,0.11197272,1980189.102,1530149.801,1247688,580693
1020,0.11180003,1981359.854,1531663.396,1267473,588681
1021,0.11162902,1984731.874,1534874.327,1286225,596271
1022,0.11144689,1986764.581,1537090.77,1306641,604557
1023,0.11124836,1985407.042,1536742.842,1325761,612241
1024,0.11104346,1981314.377,1534298.755,1344538,619461
1025,0.11084377,1975460.953,1530469.5,1364315,627193
1026,0.11065249,1969458.423,1526491.283,1383859,634722
1027,0.11046546,1965495.24,1524075.678,1403819,641933
1028,0.11027961,1965324.07,1524595.256,1414369,645152
1029,0.11009613,1967428.495,1526872.686,1441401,655460
1030,0.10991711,1968867.691,1528619.587,1463962,663842
1031,0.10974267,1967646.498,1528285.194,1474541,666428
1032,0.10956977,1964685.583,1526593.081,1501519,676442
1033,0.10939531,1961446.074,1524688.292,1520915,682916
1034,0.10921829,1958666.458,1523148.326,1538871,688625
1035,0.10904009,1956087.474,1521767.069,1557540,694542
1036,0.10886226,1953403.377,1520301.342,1566865,696286
1037,0.10868745,1950610.438,1518738.805,1590137,704440
1038,0.10851917,1947897.044,1517213.95,1611395,711370
1039,0.10835908,1945407.758,1515833.716,1622300,713754
1040,0.10820068,1943084.698,1514575.946,1649378,723221
1041,0.10803528,1940814.699,1513382.807,1666366,728418
1042,0.10786236,1938425.377,1512121.629,1682555,733208
1043,0.10769587,1935639.781,1510527.599,1699624,738312
1044,0.10754993,1932205.417,1508354.287,1717178,743726
1045,0.10741973,1928390.035,1505827.252,1732182,748211
1046,0.10728602,1924859.122,1503532.888,1749325,753587
1047,0.10713436,1922114.908,1501913.735,1763998,757912
1048,0.10697561,1919797.868,1500651.663,1777471,762034
1049,0.10682828,1917284.017,1499195.146,1791679,766372
1050,0.10670034,1914261.974,1497273.141,1805155,770706
1051,0.10658,1911011.032,1495144.594,1818358,775125
1052,0.10645396,1907860.255,1493112.748,1819075,774309
1053,0.10631836,1904901.486,1491262.711,1840748,782754
1054,0.10617664,1902043.837,1489511.558,1856287,788815
1055,0.10603233,1899239.889,1487810.052,1856049,788418
1056,0.1058886,1896668.522,1486287.544,1876252,797064
1057,0.10574855,1894566.548,1485119.192,1887048,801922
1058,0.10561432,1892518.212,1483972.128,1895236,806336
1059,0.10548602,1889002.664,1481653.158,1904332,810910
1060,0.10536278,1882633.552,1477076.601,1901480,811147
1061,0.1052389,1874887.392,1471418.762,1915242,818714
1062,0.1051062,1869114.869,1467336.746,1926587,825706
1063,0.10496048,1867485.58,1466549.661,1924755,827462
1064,0.10480953,1867718.206,1467242.24,1942680,838292
1065,0.10466268,1866559.15,1466827.617,1948116,844326
1066,0.10451876,1862577.327,1464183.633,1952552,850618
1067,0.10436412,1856687.254,1460073.235,1957718,858248
1068,0.10418761,1849998.177,1455404.43,1963786,867278
1069,0.10400334,1843930.916,1451246.887,1966225,875350
1070,0.10383783,1840048.574,1448743.353,1971731,886397
1071,0.10370267,1838870.109,1448266.146,1974368,897133
1072,0.10357165,1838398.084,1448331.267,1976021,908670
1073,0.10341426,1836376.679,1447263.161,1978388,921829
1074,0.10323332,1832474.206,1444789.427,1980232,936047
1075,0.10306031,1827971.715,1441813.732,1981564,951321
1076,0.10292035,1823978.243,1439127.604,1969823,961597
1077,0.10280372,1820628.195,1436870.229,1980734,983691
1078,0.10269111,1817777.119,1434992.126,1985367,1004252
1079,0.1025722,1814773.4,1433013.24,1973331,1017498
1080,0.10244899,1810264.384,1429858.355,1984204,1043155
1081,0.10232356,1803237.635,1424719.611,1985412,1064393
1082,0.10219426,1795664.67,1419158.737,1985874,1085732
1083,0.10205851,1790879.741,1415819.576,1988845,1108973
1084,0.10191952,1790237.809,1415765.106,1982276,1126362
1085,0.10179101,1790794.254,1416624.284,1995287,1154769
1086,0.10168565,1789236.371,1415735.326,2008182,1182726
1087,0.10159692,1784758.775,1412480.98,2009880,1203628
1088,0.10150537,1778304.341,1407669.563,2034248,1236787
1089,0.10139794,1771078.619,1402296.646,2047073,1262651
1090,0.10128343,1765023.505,1397870.883,2061249,1288266
1091,0.10117538,1762123.194,1395921.147,2078521,1314903
1092,0.10108138,1762010.496,1396134.025,2099257,1342622
1093,0.10100241,1762022.573,1396397.475,2117008,1367255
1094,0.10093703,1759994.592,1395000.321,2139405,1394359
1095,0.10087604,1756486.671,1392415.393,2158646,1418174
1096,0.10080855,1752822.129,1389726.38,2176952,1440615
1097,0.10073541,1749633.98,1387432.279,2195450,1462737
1098,0.10067257,1746670.222,1385282.482,2213231,1483426
1099,0.10063257,1743673.603,1383033.253,2229324,1503160
1100,0.1006009,1740707.547,1380781.344,2230910,1512604
1101,0.10055311,1737954.48,1378749.238,2255560,1537528
1102,0.10048562,1735496.671,1377013.394,2273387,1557924
1103,0.10042824,1733257.068,1375418.123,2272135,1565431
1104,0.1004086,1731113.758,1373779.411,2295929,1590214
1105,0.10041459,1728712.554,1371854.961,2307688,1606852
1106,0.10041586,1725597.704,1369379.092,2318464,1623206
1107,0.10039551,1721791.347,1366422.522,2329189,1639599
1108,0.10036195,1718202.796,1363680.006,2327316,1647312
1109,0.10032644,1715699.861,1361804.858,2344570,1668550
1110,0.10029981,1713937.28,1360489.26,2359142,1687916
1111,0.10029255,1711942.655,1358928.675,2357755,1695945
1112,0.10030756,1709223.807,1356723.575,2379350,1720399
1113,0.1003322,1706280.058,1354310.087,2384936,1733092
1114,0.10035337,1703682.54,1352182.475,2389516,1744881
1115,0.1003726,1701532.969,1350416.606,2394380,1756589
1116,0.10039961,1699673.214,1348856.727,2401246,1769337
1117,0.10044164,1698052.604,1347440.205,2401494,1776713
1118,0.1005004,1696853.902,1346306.842,2406852,1787531
1119,0.10057615,1696177.888,1345535.773,2407339,1793883
1120,0.1006624,1695050.175,1344374.181,2406604,1799191
1121,0.10074917,1691905.445,1341611.951,2407047,1804627
1122,0.10083738,1686634.888,1337160.991,2406876,1809001
1123,0.10094994,1682156.748,1333265.141,2405823,1812234
1124,0.10110828,1681334.959,1332128.029,2390686,1804203
1125,0.10130044,1683156.265,1332981.105,2399936,1814012
1126,0.10149801,1684561.7,1333487.372,2401728,1817893
1127,0.10169305,1683742.839,1332240.742,2384320,1806453
1128,0.10191495,1681314.43,1329639.75,2391980,1814003
1129,0.102192,1678217.214,1326343.991,2387057,1811534
1130,0.10251101,1675814.836,1323472.814,2379769,1806771
1131,0.10283825,1675653.784,1322348.837,2373161,1802148
1132,0.10316248,1677926.77,1323154.398,2353495,1787173
1133,0.1035127,1680566.162,1324167.461,2353272,1786922
1134,0.10391781,1681633.894,1323773.385,2349535,1783578
1135,0.104371,1681443.747,1322243.19,2332263,1769802
1136,0.10485007,1681204.158,1320597.249,2337410,1773044
1137,0.10533737,1681620.768,1319443.189,2327641,1764456
1138,0.10582297,1682699.014,1318813.774,2316960,1755509
1139,0.10630407,1684198.784,1318527.757,2307880,1747481
1140,0.10681195,1684884.908,1317523.27,2301788,1741587
1141,0.10738881,1683290.04,1314528.915,2288228,1730545
1142,0.1080345,1680295.317,1310240.804,2280278,1723454
1143,0.10869716,1679358.945,1307514.064,2268145,1713062
1144,0.10933382,1682800.218,1308274.093,2255292,1702374
1145,0.10996594,1688094.655,1310481.382,2243013,1692341
1146,0.11063341,1691705.007,1311267.287,2230442,1681785
1147,0.11134734,1692458.799,1309696.801,2217145,1670373
1148,0.11209185,1691141.899,1306436.171,2191570,1649708
1149,0.11285232,1688982.591,1302485.367,2186643,1644805
1150,0.11362054,1688243.736,1299614.678,2174928,1634273
1151,0.11438685,1691051.027,1299480.778,2146271,1610845
1152,0.11515334,1696315.434,1301227.617,2139917,1604198
1153,0.11593407,1701058.709,1302522.498,2122234,1589053
1154,0.11673949,1703728.883,1302149.933,2104835,1573517
1155,0.11756486,1705452.729,1300992.613,2089637,1559750
1156,0.11840141,1707473.586,1300027.63,2067274,1540150
1157,0.11923998,1709921.574,1299380.103,2064196,1534722
1158,0.12007224,1712491.866,1298841.853,2060161,1528386
1159,0.12089463,1715115.987,1298371.174,2046659,1514627
1160,0.12170867,1718016.86,1298131.685,2052141,1514882
1161,0.12251543,1721368.313,1298250.122,2044375,1504902
1162,0.12331443,1725080.215,1298658.198,2033928,1492792
1163,0.12410516,1728981.805,1299227.69,2023694,1480622
1164,0.12488839,1732661.787,1299647.009,2015702,1470093
1165,0.1256665,1735521.972,1299462.1,2000243,1454202
1166,0.12643995,1737526.164,1298647.854,1989895,1442245
1167,0.12720164,1739962.906,1298190.284,1976060,1428137
1168,0.12794255,1744045.701,1299018.437,1961594,1413985
1169,0.12866459,1748903.231,1300472.554,1948951,1401851
1170,0.12937755,1752705.112,1301161.783,1936102,1390021
1171,0.13008782,1754970.341,1300714.432,1923223,1378890
1172,0.13079299,1757077.873,1300163.65,1901586,1362176
1173,0.13148778,1760203.604,1300394.512,1897695,1359049
1174,0.13216603,1764101.433,1301240.341,1888175,1352451
1175,0.13282282,1768186.114,1302282.36,1866952,1337927
1176,0.13345984,1772413.726,1303482.675,1864237,1337353
1177,0.13408326,1777163.67,1305101.141,1852729,1331086
1178,0.13469863,1782115.245,1306884.338,1840836,1324892
1179,0.13531215,1785371.897,1307424.276,1830239,1320069
1180,0.13593107,1785406.485,1305587.671,1812378,1310620
1181,0.13655209,1784739.482,1303235.006,1807780,1310934
1182,0.13716262,1787499.298,1303416.642,1800837,1309752
1183,0.13775202,1794219.478,1306542.505,1785647,1302861
1184,0.13831951,1801198.696,1309911.966,1785617,1307267
1185,0.13886863,1805490.175,1311373.79,1776142,1304728
1186,0.13940172,1807468.437,1311200.191,1765775,1301661
1187,0.13991989,1808267.822,1310215.888,1757121,1300160
1188,0.14042823,1809766.06,1309767.505,1751491,1301069
1189,0.14093266,1814262.64,1311497.582,1740706,1298250
1190,0.14142706,1822004.359,1315595.427,1735084,1299561
1191,0.14189063,1829921.583,1319902.501,1726662,1298881
1192,0.14230895,1835397.461,1322577.65,1718002,1298132
1193,0.14268832,1839280.859,1324218.744,1711410,1299067
1194,0.14303899,1843349.417,1326076.789,1705730,1300812
1195,0.14336709,1848336.013,1328659.931,1699998,1302346
1196,0.14367623,1854146.269,1331888.183,1688666,1299247
1197,0.14396556,1860037.464,1335230.165,1691406,1306942
1198,0.14422573,1863991.882,1337267.5,1690016,1311130
1199,0.14444828,1864638.753,1337046.243,1679339,1307530
1200,0.14462986,1865251.275,1336926.357,1684378,1316223
1201,0.14476763,1870528.815,1340283.818,1682816,1318785
1202,0.14486457,1880248.299,1346947.386,1681228,1321168
1203,0.14493069,1889592.706,1353435.355,1680873,1324222
1204,0.14497325,1895194.424,1357314.584,1675382,1322436
1205,0.14499096,1897545.23,1358942.799,1680648,1328941
1206,0.14497987,1897944.48,1359263.423,1684405,1333516
1207,0.14492866,1899337.236,1360421.296,1681527,1332654
1208,0.14482399,1905177.59,1364933.445,1692872,1342438
1209,0.14466605,1915025.433,1372487.822,1696623,1346063
1210,0.14446741,1924461.795,1379881.796,1700063,1349188
1211,0.14423464,1930651.435,1385062.044,1705507,1353676
1212,0.14396147,1935251.637,1389235.816,1712475,1359353
1213,0.14364283,1940342.009,1393912.309,1717448,1363110
1214,0.14328913,1946031.969,1399138.944,1726522,1370107
1215,0.14291592,1951615.12,1404359.36,1732812,1375089
1216,0.14252283,1956953.298,1409475.836,1738814,1379372
1217,0.14209375,1962500.141,1414868.072,1746261,1384980
1218,0.14162077,1968555.468,1420780.159,1754248,1390765
1219,0.14111697,1974962.855,1427059.121,1761981,1396375
1220,0.14059643,1981445.567,1433460.445,1763115,1396535
1221,0.14006082,1987395.023,1439538.798,1778802,1408041
1222,0.13950637,1992123.404,1444807.088,1790610,1416613
1223,0.13893307,1996195.417,1449672.768,1791498,1416213
1224,0.13834627,2001394.931,1455413.909,1808998,1428944
1225,0.13775278,2008364.599,1462479.473,1818806,1435662
1226,0.13715746,2015005.238,1469327.884,1827836,1441723
1227,0.13656192,2019332.301,1474503.722,1837818,1448086
1228,0.13596483,2022296.227,1478699.564,1840498,1449010
1229,0.13536634,2025832.655,1483328.099,1855274,1459083
1230,0.13477306,2030371.643,1488683.85,1867383,1467278
1231,0.13419511,2035053.682,1494103.765,1869223,1467408
1232,0.13363557,2039453.043,1499264.08,1887191,1480376
1233,0.13308559,2044074.181,1504565.365,1895139,1485426
1234,0.13253989,2049035.588,1510113.559,1901892,1489419
1235,0.13201297,2052086.06,1514197.753,1909723,1494306
1236,0.13152067,2050647.181,1514852.236,1917990,1499622
1237,0.13105221,2047164.352,1513911.537,1924633,1503392
1238,0.13058317,2047549.202,1515832.356,1934359,1509740
1239,0.13011012,2053553.475,1521934.26,1941463,1513720
1240,0.12965428,2060331.266,1528561,1947831,1517177
1241,0.12922892,2063745.18,1532594.118,1955229,1521304
1242,0.12882603,2064319.649,1534443.542,1962614,1525364
1243,0.12843479,2063752.563,1535404.598,1968842,1528544
1244,0.12804934,2064776.393,1537530.32,1965155,1523936
1245,0.12766824,2070566.976,1543195.849,1978762,1532652
1246,0.12730175,2080781.607,1552118.04,1986534,1536729
1247,0.1269698,2090953.081,1560897.871,1980211,1530155
1248,0.12667612,2098142.376,1567324.174,1993861,1538891
1249,0.126389,2103978.178,1572722.96,1997595,1540071
1250,0.12608092,2110566.537,1578767.32,1999663,1540074
1251,0.12577509,2118457.62,1585786.399,2002365,1540436
1252,0.12551091,2127513.262,1593534.114,1995370,1533329
1253,0.12528898,2135969.203,1600685.492,2002181,1537106
1254,0.12507775,2140749.544,1605048.329,2005594,1538205
1255,0.12485693,2142121.06,1606893.468,1996503,1529603
1256,0.12462986,2146303.568,1610872.95,2005243,1534930
1257,0.12440362,2157761.534,1620316.398,2001464,1530709
1258,0.12418103,2171635.41,1631570.665,1995473,1524931
1259,0.12396259,2181340.531,1639686.71,1989673,1519392
1260,0.12376067,2185766.239,1643777.542,1983616,1513963
1261,0.12359461,2186862.874,1645231.202,1975655,1507209
1262,0.12345963,2187772.276,1646427.013,1970545,1502779
1263,0.12332328,2192958.463,1650848.144,1963034,1496718
1264,0.12316563,2204123.903,1659855.863,1955221,1490783
1265,0.12299755,2216130.406,1669543.578,1948288,1485629
1266,0.12283173,2223965.911,1676086.372,1941145,1480377
1267,0.12267506,2228778.317,1680319.289,1932951,1474599
1268,0.12253335,2233622.987,1684521.367,1913274,1460169
1269,0.12241086,2239306.758,1689284.24,1911186,1459130
1270,0.12231013,2245041.644,1694003.372,1901732,1452277
1271,0.12222534,2250452.362,1698417.616,1874877,1432345
1272,0.12213904,2255807.49,1702797.481,1865887,1425776
1273,0.12203732,2261357.135,1707386.462,1844457,1409662
1274,0.12191918,2267144.967,1712222.148,1818521,1389666
1275,0.1217868,2273078.759,1717226.894,1790583,1368267
1276,0.12164768,2278416.301,1721810.683,1751560,1337934
1277,0.12151128,2282248.789,1725248.689,1724761,1316936
1278,0.12138792,2285359.364,1728090.898,1693567,1292319
1279,0.12128882,2289916.737,1731932.153,1650103,1258239
1280,0.12120862,2296328.1,1737101.997,1621679,1235363
1281,0.12111423,2302024.989,1741790.058,1581232,1203434
1282,0.12098219,2305166.654,1744697.488,1537007,1168577
1283,0.12083117,2307347.363,1746955.382,1490718,1132125
1284,0.12068729,2310613.412,1750007.862,1441887,1093651
1285,0.12056346,2314919.964,1753769.519,1387744,1051310
1286,0.12046522,2319329.689,1757507.806,1331723,1007779
1287,0.12037789,2323869.355,1761301.948,1271378,960771
1288,0.12026953,2329408.298,1765940.597,1208162,912082
1289,0.12013421,2335152.156,1770846.712,1143692,862390
1290,0.12001084,2337379.44,1773039.363,1077779,811746
1291,0.11992797,2334303.737,1771044.188,1010073,760078
1292,0.1198657,2331954.562,1769515.537,934738,702507
1293,0.11979765,2336816.964,1773483.067,865806,650132
1294,0.11972293,2345952.948,1780723.014,788251,591569
1295,0.11965138,2352414.759,1785922.107,699123,524099
1296,0.11959319,2354000.934,1787365.803,614437,460154
1297,0.11955931,2352696.783,1786514.915,523126,391373
1298,0.11954983,2351324.02,1785511.486,431280,322519
1299,0.11954623,2353859.92,1787451.974,344141,257082
1300,0.11953637,2362312.429,1793911.286,262699,196201
1301,0.11953473,2371848.687,1801159.82,194609,145214
1302,0.11955836,2377144.85,1805083.449,137868,102985
1303,0.11960655,2379108.445,1806374.068,93895,69817
1304,0.11967161,2381112.02,1807624.492,63435,47311
1305,0.11975276,2384416.068,1809794.546,43455,32386
1306,0.11985481,2388573.286,1812523.962,31400,23240
1307,0.1199823,2392023.587,1814609.403,24486,18207
1308,0.12013956,2391633.807,1813656.844,20495,15113
1309,0.1203249,2386752.494,1809182.931,18280,13636
1310,0.12051646,2384113.791,1806385.829,16976,12499
1311,0.12069421,2389839.71,1809983.276,15807,11812
1312,0.12088115,2399196.689,1816287.957,15250,11161
1313,0.12111419,2404125.904,1819043.212,14777,10827
1314,0.12139122,2402737.338,1816833.278,14127,10472
1315,0.12168341,2397316.018,1811514.772,13767,10194
1316,0.12198193,2391656.031,1805996.011,13386,9805
1317,0.12230227,2391285.323,1804384.668,12978,9718
1318,0.12265413,2398117.251,1808074.359,12778,9315
1319,0.12303732,2405664.297,1812164.869,12284,9136
1320,0.12345298,2408053.859,1812229.606,,
1321,0.12389781,2407152.682,1809696.859,,
1322,0.12436545,2406594.371,1807329.956,,
1323,0.12485491,2406907.239,1805528.877,,
1324,0.12536955,2407040.454,1803490.425,,
1325,0.12591781,2406758.235,1801003.922,,
1326,0.12651196,2406602.599,1798425.369,,
1327,0.1271482,2406869.049,1795991.44,,
1328,0.12779585,2407385.434,1793699.877,,
1329,0.12843688,2407764.054,1791335.953,,
1330,0.12910136,2407083.026,1788091.373,,
1331,0.12982254,2404675.188,1783338.904,,
1332,0.13058894,2402043.007,1778245.984,,
1333,0.13137171,2401271.347,1774473.557,,
1334,0.13216548,2401597.283,1771473.677,,
1335,0.1329843,2400389.084,1767247.36,,
1336,0.13383644,2397106.2,1761370.967,,
1337,0.13471837,2393740.623,1755329.757,,
1338,0.13562437,2391480.688,1750017.976,,
1339,0.13655081,2389500.297,1744842.678,,
1340,0.13749585,2387110.976,1739309.061,,
1341,0.13845775,2385166.382,1734047.273,,
1342,0.13943304,2384409.33,1729608.359,,
1343,0.14041894,2381935.682,1723896.097,,
1344,0.14141912,2373638.784,1713939.593,,
1345,0.14244169,2362436.492,1701838.943,,
1346,0.14348538,2356683.195,1693619.434,,
1347,0.14453644,2358056.341,1690509.983,,
1348,0.14558568,2358890.745,1687027.458,,
1349,0.14663608,2353860.239,1679363.053,,
1350,0.14769143,2344877.16,1668893.684,,
1351,0.14875279,2335055.083,1657846.592,,
1352,0.14982614,2328109.163,1648835.026,,
1353,0.15091212,2327159.926,1644046.564,,
1354,0.15199725,2329056.51,1641280.377,,
1355,0.15307165,2327844.709,1636373.191,,
1356,0.154142,2322526.185,1628615.71,,
1357,0.15521958,2316286.969,1620215.499,,
1358,0.15630268,2311117.263,1612572.712,,
1359,0.15737621,2307103.747,1605798.017,,
1360,0.15842949,2303252.171,1599233.933,,
1361,0.1594681,2296261.312,1590571.545,,
1362,0.16050594,2284295.4,1578506.337,,
1363,0.1615564,2273549.541,1567285.165,,
1364,0.16261886,2271113.374,1561780.361,,
1365,0.16367893,2273273.304,1559454.558,,
1366,0.16473118,2271418.309,1554411.294,,
1367,0.16578097,2262996.802,1544909.253,,
1368,0.16683194,2250497.44,1532662.684,,
1369,0.16788933,2237733.926,1520264.381,,
1370,0.16895938,2230111.67,1511357.582,,
1371,0.17004506,2229496.843,1507168.468,,
1372,0.17116477,2229331.094,1503175.908,,
1373,0.17233838,2223814.578,1495409.699,,
1374,0.1735328,2214978.792,1485377.256,,
1375,0.17470405,2206394.105,1475635.307,,
1376,0.17588736,2198486.494,1466345.952,,
1377,0.17715285,2190354.382,1456671.212,,
1378,0.17850724,2181830.94,1446484.752,,
1379,0.17990858,2173286.007,1436178.121,,
1380,0.18134045,2164901.754,1425928.466,,
1381,0.1828204,2156619.209,1415640.805,,
1382,0.18437105,2148153.126,1405057.798,,
1383,0.18602159,2138800.847,1393634.079,,
1384,0.18778978,2128317.544,1381168.451,,
1385,0.18964168,2118149.763,1368721.175,,
1386,0.19153661,2109675.424,1357309.952,,
1387,0.19349424,2101827.116,1346178.823,,
1388,0.19556054,2092854.946,1334069.917,,
1389,0.19775192,2083088.132,1321160.947,,
1390,0.20005973,2074049.645,1308456.88,,
1391,0.20246972,2066169.381,1296272.195,,
1392,0.20496827,2058816.138,1284249.162,,
1393,0.20756163,2051916.691,1272325.109,,
1394,0.21028207,2046325.97,1260935.125,,
1395,0.21313153,2041701.617,1249858.186,,
1396,0.21604471,2034467.216,1237103.356,,
1397,0.21899053,2022408.578,1221457.529,,
1398,0.22205093,2011285.871,1206209.842,,
1399,0.22528805,2007661.109,1195094.793,,
1400,0.22864842,2008346.897,1186288.479,,
1401,0.23207299,2006226.426,1175728.271,,
1402,0.23556555,1999766.118,1162555.4,,
1403,0.23914555,1991465.898,1148225.868,,
1404,0.24281225,1984446.93,1134559.396,,
1405,0.24653693,1982396.506,1123708.323,,
1406,0.25029076,1985737.806,1115915.085,,
1407,0.25410529,1989017.961,1107983.807,,
1408,0.25802347,1988331.917,1097653.884,,
1409,0.26199251,1985991.619,1086387.848,,
1410,0.26593466,1984870.242,1075963.294,,
1411,0.26985351,1985194.171,1066472.051,,
1412,0.27377853,1986205.671,1057415.539,,
1413,0.27769517,1985581.822,1047593.074,,
1414,0.28158552,1980635.843,1035664.559,,
1415,0.28547503,1974489.865,1023245.585,,
1416,0.28937384,1974467.375,1014089.118,,
1417,0.29323561,1980979.726,1008426.887,,
1418,0.29702766,1986219.546,1002304.288,,
1419,0.30074713,1985380.844,993337.1836,,
1420,0.30435572,1979989.413,982442.5183,,
1421,0.30783315,1973033.483,971183.5142,,
1422,0.31125357,1969783.508,961977.5356,,
1423,0.31465802,1974017.534,956517.6442,,
1424,0.31798456,1980595.03,952381.8932,,
1425,0.32118991,1982722.849,946394.2645,,
1426,0.3242862,1981022.941,938865.3363,,
1427,0.3272815,1979358.731,931629.0314,,
1428,0.3301688,1978705.03,925150.2148,,
1429,0.33294475,1977975.616,918916.7863,,
1430,0.33561042,1976816.372,912758.5499,,
1431,0.33816542,1975716.351,906899.5253,,
1432,0.34060462,1974931.566,901462.0154,,
1433,0.34291892,1974262.81,896367.3862,,
1434,0.34511155,1973380.716,891454.795,,
1435,0.34721735,1971733.179,886402.1271,,
1436,0.34925825,1969073.144,881056.1666,,
1437,0.35117255,1966517.257,876042.5798,,
1438,0.3528906,1965207.743,872002.7829,,
1439,0.35446509,1964262.135,868429.0835,,
1440,0.35599458,1962162.312,864450.9405,,
1441,0.35748409,1959103.747,860148.324,,
1442,0.35887852,1956265.261,856148.7471,,
1443,0.36015188,1953936.467,852625.981,,
1444,0.36130874,1951611.967,849346.1784,,
1445,0.36236274,1949329.989,846296.6505,,
1446,0.36333595,1947875.381,843772.215,,
1447,0.36424256,1946608.271,841464.8945,,
1448,0.36508511,1941975.737,837835.3612,,
1449,0.36586905,1932643.926,832305.5675,,
1450,0.36659385,1924951.812,827610.5324,,
1451,0.36725186,1924463.527,826147.9333,,
1452,0.36785218,1926532.67,825893.7817,,
1453,0.36841393,1924452.809,823935.729,,
1454,0.36893125,1917963.119,820179.6716,,
1455,0.36938618,1909695.805,815789.3247,,
1456,0.36979803,1903006.274,812161.102,,
1457,0.37020688,1901472.229,810742.8127,,
1458,0.37058667,1903706.712,810986.035,,
1459,0.37085512,1903725.55,810492.8985,,
1460,0.37101816,1899389.539,808343.3805,,
1461,0.37119998,1894033.4,805726.5057,,
1462,0.37145265,1889970.847,803530.6661,,
1463,0.37166808,1886717.515,801749.6995,,
1464,0.37176495,1883046.499,800011.2523,,
1465,0.37179717,1876521.938,797180.1434,,
1466,0.37182617,1865993.832,792654.6836,,
1467,0.37183581,1856906.576,788777.003,,
1468,0.37179354,1855036.268,788059.2342,,
1469,0.37170337,1856418.576,788810.2259,,
1470,0.37158257,1853712.515,787879.5148,,
1471,0.37143807,1845480.437,784641.6884,,
1472,0.37127067,1833864.432,780003.5143,,
1473,0.37107006,1822883.451,775691.1629,,
1474,0.37081868,1817894.365,774016.0457,,
1475,0.37052247,1818472.788,774790.5833,,
1476,0.37021032,1817436.542,774905.8501,,
1477,0.36989425,1811396.461,772892.8128,,
1478,0.36956321,1803832.371,770252.2349,,
1479,0.36920348,1797395.961,768139.8292,,
1480,0.36879507,1791311.927,766259.9897,,
1481,0.3683315,1784692.007,764243.5389,,
1482,0.36785832,1777908.596,762168.6923,,
1483,0.36741685,1771462.531,760177.6899,,
1484,0.36696944,1765190.855,758267.1331,,
1485,0.3664629,1758726.125,756371.7695,,
1486,0.3659107,1751683.653,754301.5125,,
1487,0.36535282,1743755.008,751852.502,,
1488,0.36480309,1735525.68,749252.07,,
1489,0.36425983,1728048.654,746957.9245,,
1490,0.36371166,1721144.194,744913.0769,,
1491,0.36313805,1713634.879,742643.266,,
1492,0.36253063,1705260.329,740048.2826,,
1493,0.36189718,1696824.348,737462.1105,,
1494,0.36124859,1688747.666,735048.8062,,
1495,0.36059779,1680776.373,732676.3095,,
1496,0.35995427,1672880.731,730315.8204,,
1497,0.35932091,1665620.335,728207.429,,
1498,0.35869415,1658737.246,726245.4854,,
1499,0.35805023,1649396.604,723227.3984,,
1500,0.35736667,1635947.485,718460.1574,,
1501,0.35666082,1623357.131,714090.4895,,
1502,0.35596263,1616725.815,712317.7061,,
1503,0.35526282,1612597.801,711644.7405,,
1504,0.35453605,1605221.904,709576.1817,,
1505,0.3538136,1594168.907,705863.5216,,
1506,0.35315176,1581590.475,701362.0715,,
1507,0.35252312,1570399.548,697408.1937,,
1508,0.35185199,1563706.923,695509.9886,,
1509,0.35113025,1560048.626,695036.9329,,
1510,0.35039813,1554302.756,693645.3576,,
1511,0.34967321,1545132.499,690704.8731,,
1512,0.3489565,1535400.27,687487.9886,,
1513,0.34824939,1526751.158,684729.2307,,
1514,0.34754918,1518806.512,682265.2816,,
1515,0.34685778,1510416.228,679577.2966,,
1516,0.34618558,1499298.909,675620.2309,,
1517,0.34552738,1485331.104,670341.169,,
1518,0.34484897,1473875.599,666211.0958,,
1519,0.3441431,1468433.323,664830.803,,
1520,0.34347412,1464050.137,663868.1385,,
1521,0.34288439,1455437.296,660859.4588,,
1522,0.34230334,1442881.589,656035.5174,,
1523,0.34165744,1428464.65,650447.2173,,
1524,0.34101466,1416133.06,645787.147,,
1525,0.34047661,1409522.685,643569.5081,,
1526,0.33997592,1405391.748,642423.5826,,
1527,0.33937945,1398070.524,639955.2796,,
1528,0.33872985,1387723.636,636169.9229,,
1529,0.33816766,1377597.355,632345.8017,,
1530,0.33770767,1368412.665,628795.4825,,
1531,0.33727142,1359135.87,625160.394,,
1532,0.33681393,1349552.168,621406.4427,,
1533,0.33632442,1340180.529,617787.169,,
1534,0.33582574,1331171.643,614339.3204,,
1535,0.33537479,1322251.859,610856.7707,,
1536,0.33498205,1313133.463,607193.0923,,
1537,0.33459301,1303543.535,603298.8972,,
1538,0.33418165,1293584.816,599257.192,,
1539,0.33377805,1283964.822,595353.7195,,
1540,0.33339305,1274961.06,591703.1318,,
1541,0.33298568,1265888.517,588043.9406,,
1542,0.33254001,1256321.378,584198.9118,,
1543,0.3321205,1246737.922,580302.8047,,
1544,0.33177274,1237545.322,576485.4777,,
1545,0.3314439,1228541.629,572724.789,,
1546,0.3310805,1219560.497,569013.8625,,
1547,0.33069913,1210970.498,565502.3803,,
1548,0.33033279,1202832.108,562175.8946,,
1549,0.33001152,1193321.385,558143.543,,
1550,0.32974767,1180971.199,552702.7674,,
1551,0.32947085,1168952.559,547426.77,,
1552,0.32910555,1161036.629,544177.2335,,
1553,0.32871319,1155042.251,541856.9908,,
1554,0.32838949,1146926.642,538450.9508,,
1555,0.32810003,1136318.792,533826.5347,,
1556,0.3277612,1124636.488,528750.7154,,
1557,0.32739325,1114106.677,524244.072,,
1558,0.32707119,1107034.336,521302.6158,,
1559,0.32680385,1101827.119,519170.0279,,
1560,0.32655464,1094735.125,516124.4258,,
1561,0.32630145,1085515.359,512076.1173,,
1562,0.32603628,1076350.71,508062.9464,,
1563,0.32576,1068035.088,504458.5886,,
1564,0.32548012,1060164.528,501063.9372,,
1565,0.32521663,1051586.902,497311.543,,
1566,0.32499753,1040633.15,492379.6817,,
1567,0.32478577,1028667.343,486955.3997,,
1568,0.32448195,1019991.753,483186.4104,,
1569,0.32409667,1014763.249,481136.2318,,
1570,0.32376145,1008417.783,478496.8112,,
1571,0.3235069,998788.166,474205.3937,,
1572,0.32323488,986995.1935,468899.9169,,
1573,0.32289466,975143.9735,463632.7247,,
1574,0.32251579,966338.8821,459847.3246,,
1575,0.32214218,960853.7601,457630.6646,,
1576,0.32182041,954745.0963,455058.288,,
1577,0.32154474,946140.0429,451243.2143,,
1578,0.32123244,936957.911,447185.4308,,
1579,0.32083645,928411.7131,443510.7638,,
1580,0.32038194,919956.0363,439931.5699,,
1581,0.31989703,911250.2687,436255.2222,,
1582,0.31940333,902626.0686,432617.9601,,
1583,0.3189201,894298.5386,429103.8631,,
1584,0.31846123,886128.109,425632.9959,,
1585,0.31800418,877874.9113,422112.7382,,
1586,0.31745392,869180.9063,418462.2196,,
1587,0.31678357,860031.1257,414696.7194,,
1588,0.31613335,851142.802,411025.7981,,
1589,0.31558039,842862.9953,407545.9604,,
1590,0.3150102,834565.898,404064.2548,,
1591,0.31434495,825870.0648,400467.0359,,
1592,0.31365069,817188.0785,396891.0706,,
1593,0.31298634,808795.0035,393416.0956,,
1594,0.31234629,800440.9987,389926.7535,,
1595,0.31169832,792027.0012,386404.0448,,
1596,0.31097281,783931.8673,383094.1364,,
1597,0.31015004,775989.3942,379931.8856,,
1598,0.30932888,766721.1918,376104.5469,,
1599,0.30856789,755894.6369,371444.0229,,
1600,0.30781492,746291.7591,367361.5696,,
1601,0.30703248,739253.8412,364553.3647,,
1602,0.30622492,732328.7547,361810.5024,,
1603,0.3054075,723726.3226,358234.0538,,
1604,0.30462516,713936.4967,354025.4053,,
1605,0.30388695,704057.189,349720.4208,,
1606,0.30312085,695815.2322,346236.686,,
1607,0.30229851,689542.7226,343765.7976,,
1608,0.301478,682924.7147,341110.2935,,
1609,0.30068505,674768.3847,337652.2745,,
1610,0.29988873,666263.6183,334008.3881,,
1611,0.29907277,658231.4514,330602.2945,,
1612,0.2982471,650532.13,327357.0129,,
1613,0.29741983,642587.3521,323975.6287,,
1614,0.29659072,633342.2812,319924.6905,,
1615,0.29576312,623352.4995,315479.0944,,
1616,0.29495896,615293.4592,311977.5432,,
1617,0.29419324,609366.0893,309517.3831,,
1618,0.29345001,602678.6988,306644.9633,,
1619,0.29270021,594044.8419,302774.3094,,
1620,0.29191687,584342.2575,298366.7469,,
1621,0.29112726,575010.6426,294136.3003,,
1622,0.29040987,567789.536,290922.6353,,
1623,0.28971753,562027.9954,288429.9923,,
1624,0.28889263,555224.4925,285480.1951,,
1625,0.28798295,547173.6802,281930.6222,,
1626,0.28719142,539283.4243,278372.0628,,
1627,0.28653792,531831.7421,274938.9926,,
1628,0.28591752,524402.7981,271486.0273,,
1629,0.28525311,516890.3662,268006.5014,,
1630,0.28450354,509366.3652,264561.5487,,
1631,0.28377509,501968.6916,261156.9203,,
1632,0.28319949,494787.5299,257762.213,,
1633,0.2826384,487473.2507,254280.1118,,
1634,0.28192166,479695.5878,250636.3543,,
1635,0.28123781,471941.5629,246973.5319,,
1636,0.28076367,464700.6783,243449.9178,,
1637,0.28019225,457615.1764,240053.5691,,
1638,0.27930361,450329.1238,236715.3546,,
1639,0.27850097,443038.6654,233313.9264,,
1640,0.27805456,435911.0659,229796.4617,,
1641,0.27764173,428835.9115,226281.6918,,
1642,0.27707907,421820.1686,222868.2824,,
1643,0.27659098,415122.2972,219576.1088,,
1644,0.27624002,408451.172,216222.1229,,
1645,0.27580449,400813.9155,212392.071,,
1646,0.2752373,392610.2776,208316.8348,,
1647,0.27470658,385574.4372,204833.815,,
1648,0.27428116,379513.6723,201811.6662,,
1649,0.2739264,372843.8236,198426.9042,,
1650,0.27357484,365343.2041,194592.5424,,
1651,0.27316104,357601.9748,190650.9016,,
1652,0.27275196,350285.2299,186926.0656,,
1653,0.27243939,343822.1219,183609.1935,,
1654,0.27212737,337410.1897,180314.5731,,
1655,0.27173574,330252.0202,176648.416,,
1656,0.27145505,322723.3009,172732.9817,,
1657,0.27140052,315229.1803,168743.0511,,
1658,0.27135776,307717.8163,164738.4146,,
1659,0.27123147,299960.5112,160632.2035,,
1660,0.27120168,291578.8024,156154.4149,,
1661,0.27127461,282869.4244,151464.6889,,
1662,0.27123538,274763.7973,147137.7581,,
1663,0.27107494,266974.982,143019.6225,,
1664,0.27094554,258439.7177,138488.5011,,
1665,0.27087832,249070.9215,133488.764,,
1666,0.27086154,239311.9009,128263.4032,,
1667,0.27099901,229873.2877,123165.6192,,
1668,0.27132274,221130.4562,118392.9441,,
1669,0.27147976,212209.18,113575.4337,,
1670,0.27131835,202599.5888,108472.6394,,
1671,0.27131186,192908.0085,103285.2711,,
1672,0.27169211,183485.2461,98154.2339,,
1673,0.27222294,174235.9201,93092.51196,,
1674,0.27267041,165105.9133,88123.59721,,
1675,0.27288387,156106.631,83279.37869,,
1676,0.2732229,147365.0658,78554.60384,,
1677,0.27417083,138984.3336,73925.62773,,
1678,0.27532388,130752.8962,69362.93139,,
1679,0.27623157,122577.2312,64890.06889,,
1680,0.27716987,114827.6449,60656.39364,,
1681,0.2782254,107621.3877,56711.76787,,
1682,0.27897724,100659.2594,52951.28317,,
1683,0.27950687,93926.00877,49349.07252,,
1684,0.28039076,87630.62734,45947.84691,,
1685,0.28163425,81802.51507,42769.32617,,
1686,0.28296871,76375.4523,39809.34954,,
1687,0.28443628,71236.27974,37005.38739,,
1688,0.28597595,66336.66049,34338.21044,,
1689,0.28705595,61774.09136,31897.04224,,
1690,0.28766286,57583.44086,29691.67897,,
1691,0.28852672,53714.33532,27641.61941,,
1692,0.28933422,50108.15667,25737.96483,,
1693,0.28933423,46714.49945,23994.81832,,
1694,0.28980111,43530.82379,22335.50517,,
1695,0.2914697,40577.30517,20740.2269,,
1696,0.29158146,37892.21439,19362.81616,,
1697,0.28970114,35465.24715,18201.27681,,
1698,0.28915661,33231.60256,17076.33524,,
1699,0.28978042,31137.81085,15977.45699,,
1700,0.28962587,29169.54198,14972.82453,,
